Workbook

Sheet Cover
B2: TEST CASE
B4: Project Name | C4: OrangeHRM Leave | F4: Creator | G4: Cao Tiến Thành
B5: Project Code | C5: Group01_OrangeHRM | F5: Reviewer / Approver | G5: Võ Minh Nhựt
B6: Document Code | C6: Group01_22130254_CaoTienThanh | F6: Issue Date | G6: 46316
F7: Version | G7: 1.0
B10: Record of change
B11: Effective Date | C11: Version | D11: Change Item | E11: A, D, M | F11: Change description | G11: Reference
B12: 46316 | C12: 1.0 | D12: Leave test design | E12: A | F12: Thiết kế 75 test case cho 3 chức năng Leave (Leave Types & Entitlements, Apply Leave & My Leave, Leave List & Request Actions). | G12: ASM06 - Group01
B15: Student ID | C15: 22130254
B16: Group | C16: Group01
B17: Role | C17: Thành viên
B18: Website | C18: https://opensource-demo.orangehrmlive.com/
B19: Automation tool | C19: Playwright (phần Leave của Cao Tiến Thành)
B20: Scope | C20: LEAVE_CONFIG, LEAVE_SELF, LEAVE_ADMIN

Sheet Test case List
B2: TEST CASE LIST
B4: Project Name | D4: ='Cover'!C4
B5: Project Code | D5: ='Cover'!C5
B6: Test Environment | D6: OrangeHRM public demo; Admin; trình duyệt và phiên bản ghi khi chạy.
B8: No. | C8: Function Name | D8: Sheet Name | E8: Description | F8: Pre-condition
B9: 1 | C9: Leave Types và Entitlements | D9: LEAVE_CONFIG | E9: Cấu hình loại nghỉ phép (Leave Type), tính chất phép (Situational), thêm và kiểm tra hạn mức nghỉ phép (Entitlements) cho nhân viên. | F9: Admin đã đăng nhập. Nhân viên fixture F_EMP và Leave Period 2026 đã sẵn sàng.
B10: 2 | C10: Apply Leave và My Leave | D10: LEAVE_SELF | E10: Nộp đơn xin nghỉ phép (Apply Leave), kiểm tra số dư phép (Leave Balance), khoảng ngày, tùy chọn nghỉ, tra cứu và hủy đơn trong My Leave. | F10: Admin/Nhân viên đã đăng nhập. Nhân viên có đủ hạn mức phép hợp lệ và fixture F_APPLY đã chuẩn bị.
B11: 3 | C11: Leave List và Request Actions | D11: LEAVE_ADMIN | E11: Tra cứu danh sách đơn xin nghỉ phép, lọc theo trạng thái/thời gian/nhân viên, thực hiện phê duyệt (Approve), từ chối (Reject), hủy bỏ (Cancel) và bình luận. | F11: Admin đã đăng nhập. Có sẵn các đơn xin nghỉ phép ở trạng thái Pending Approval và Scheduled do fixture tạo ra.
B14: Mỗi sheet có 25 test case. Input nằm trong Test Case Procedure; mã TD trong Note liên kết TestDesign.
B16: Result: Passed, Failed, Untested, Blocked hoặc Skipped. Actual result, Defect ID và đường dẫn ảnh/log được ghi vào Note sau run.

Sheet TestDesign
A1: Req Level 1 | B1: Req Level 2 | C1: Req Level 3 | D1: Test Criteria | E1: Test Type | F1: Note
A2: LEAVE_CONFIG | B2: Leave Types và Entitlements | C2: Tạo và quản lý Leave Type | D2: Tạo tối thiểu/đầy đủ; kiểm tra Is Entitlement Situational (Yes/No); lưu thành công. | E2: Phân vùng tương đương | F2: TD_LEAVE_CONFIG_01 TC_LEAVE_CONFIG_001, TC_LEAVE_CONFIG_002, TC_LEAVE_CONFIG_008
A3: LEAVE_CONFIG | B3: Leave Types và Entitlements | C3: Validation tên Leave Type | D3: Tên bắt buộc, khoảng trắng; biên 50/51 ký tự; kiểm tra trùng lặp tên đã tồn tại. | E3: Phân vùng tương đương Phân tích giá trị biên | F3: TD_LEAVE_CONFIG_02 TC_LEAVE_CONFIG_003, TC_LEAVE_CONFIG_004, TC_LEAVE_CONFIG_005, TC_LEAVE_CONFIG_006, TC_LEAVE_CONFIG_007
A4: LEAVE_CONFIG | B4: Leave Types và Entitlements | C4: Sửa và xóa Leave Type | D4: Sửa tên/tính chất; hủy tạo/sửa; xóa loại phép với modal xác nhận; hủy xóa. | E4: Chuyển trạng thái Phân vùng tương đương | F4: TD_LEAVE_CONFIG_03 TC_LEAVE_CONFIG_009, TC_LEAVE_CONFIG_010, TC_LEAVE_CONFIG_011, TC_LEAVE_CONFIG_012, TC_LEAVE_CONFIG_013, TC_LEAVE_CONFIG_014, TC_LEAVE_CONFIG_015
A5: LEAVE_CONFIG | B5: Leave Types và Entitlements | C5: Thêm Entitlement cá nhân | D5: Thêm hạn mức số ngày nguyên (15.0), số thập phân (7.5); chọn nhân viên qua autocomplete; xác nhận popup. | E5: Phân vùng tương đương | F5: TD_LEAVE_CONFIG_04 TC_LEAVE_CONFIG_016, TC_LEAVE_CONFIG_017, TC_LEAVE_CONFIG_025
A6: LEAVE_CONFIG | B6: Leave Types và Entitlements | C6: Validation trường Entitlement | D6: Bắt buộc Employee/Leave Type/Entitlement; kiểm tra số âm, chữ, số thập phân quá 2 chữ số. | E6: Phân tích giá trị biên Phân vùng tương đương | F6: TD_LEAVE_CONFIG_05 TC_LEAVE_CONFIG_018, TC_LEAVE_CONFIG_019, TC_LEAVE_CONFIG_020, TC_LEAVE_CONFIG_021, TC_LEAVE_CONFIG_022, TC_LEAVE_CONFIG_023, TC_LEAVE_CONFIG_024
A7: LEAVE_SELF | B7: Apply Leave và My Leave | C7: Nộp đơn xin nghỉ phép | D7: Nộp đơn 1 ngày, nhiều ngày; kiểm tra cập nhật Leave Balance; nhập ghi chú Comments. | E7: Phân vùng tương đương Chuyển trạng thái | F7: TD_LEAVE_SELF_01 TC_LEAVE_SELF_001, TC_LEAVE_SELF_002, TC_LEAVE_SELF_003, TC_LEAVE_SELF_008
A8: LEAVE_SELF | B8: Apply Leave và My Leave | C8: Validation các trường nộp đơn | D8: Bắt buộc Leave Type, From Date, To Date; ngày không tồn tại (30/02, 31/04). | E8: Phân vùng tương đương | F8: TD_LEAVE_SELF_02 TC_LEAVE_SELF_004, TC_LEAVE_SELF_005, TC_LEAVE_SELF_006, TC_LEAVE_SELF_009, TC_LEAVE_SELF_010
A9: LEAVE_SELF | B9: Apply Leave và My Leave | C9: Khoảng ngày và trùng lịch | D9: To Date trước From Date; số dư bằng 0; kiểm tra trùng lặp lịch hoàn toàn và trùng 1 phần (Overlapping). | E9: Bảng quyết định Phân tích giá trị biên | F9: TD_LEAVE_SELF_03 TC_LEAVE_SELF_007, TC_LEAVE_SELF_011, TC_LEAVE_SELF_012, TC_LEAVE_SELF_013
A10: LEAVE_SELF | B10: Apply Leave và My Leave | C10: Comments và bộ lọc My Leave | D10: Biên Comments 250/251; xem danh sách; lọc theo ngày, theo status, theo Leave Type, nút Reset. | E10: Phân tích giá trị biên Bảng quyết định | F10: TD_LEAVE_SELF_04 TC_LEAVE_SELF_014, TC_LEAVE_SELF_015, TC_LEAVE_SELF_016, TC_LEAVE_SELF_017, TC_LEAVE_SELF_018, TC_LEAVE_SELF_019, TC_LEAVE_SELF_020, TC_LEAVE_SELF_021
A11: LEAVE_SELF | B11: Apply Leave và My Leave | C11: Hủy đơn trong My Leave | D11: Hủy đơn Pending Approval; hủy đơn Scheduled; chặn hủy đơn Rejected/Taken; hoàn lại Leave Balance. | E11: Chuyển trạng thái Phân vùng tương đương | F11: TD_LEAVE_SELF_05 TC_LEAVE_SELF_022, TC_LEAVE_SELF_023, TC_LEAVE_SELF_024, TC_LEAVE_SELF_025
A12: LEAVE_ADMIN | B12: Leave List và Request Actions | C12: Tìm kiếm và lọc danh sách đơn | D12: Lọc theo Employee Name qua autocomplete, Sub Unit, Leave Type, khoảng thời gian From-To; lỗi From > To. | E12: Bảng quyết định Phân vùng tương đương | F12: TD_LEAVE_ADMIN_01 TC_LEAVE_ADMIN_001, TC_LEAVE_ADMIN_002, TC_LEAVE_ADMIN_003, TC_LEAVE_ADMIN_004, TC_LEAVE_ADMIN_005, TC_LEAVE_ADMIN_006
... A16: LEAVE_ADMIN | B16: Leave List và Request Actions | C16: Admin Cancel, Comments và Thao tác loạt | D16: Admin Cancel đơn Scheduled; xem và thêm Admin Comment; chọn tất cả checkbox; bulk Approve/Reject; đối chiếu số ngày/balance. | E16: Chuyển trạng thái Bảng quyết định | F16: TD_LEAVE_ADMIN_05 TC_LEAVE_ADMIN_014, TC_LEAVE_ADMIN_017, TC_LEAVE_ADMIN_018, TC_LEAVE_ADMIN_019, TC_LEAVE_ADMIN_020, TC_LEAVE_ADMIN_021, TC_LEAVE_ADMIN_022, TC_LEAVE_ADMIN_025

Sheet LEAVE_CONFIG
A2: Module Code | B2: LEAVE_CONFIG
A3: Test requirement | B3: Leave Types và Entitlements
A4: Tester | B4: Cao Tiến Thành - 22130254
A5: Passed | B5: Failed | C5: Untested | D5: Blocked | E5: Skipped | F5: Number of Test cases
A6: =COUNTIF($F$9:$F$33,"Passed") | B6: =COUNTIF($F$9:$F$33,"Failed") | C6: =COUNTIF($F$9:$F$33,"Untested") | D6: =COUNTIF($F$9:$F$33,"Blocked") | E6: =COUNTIF($F$9:$F$33,"Skipped") | F6: =COUNTA(A9:A33)
A8: ID | B8: Test Case Description | C8: Test Case Procedure | D8: Expected Output | E8: Inter-test case Dependence | F8: Result | G8: Test date | H8: Note
A9: TC_LEAVE_CONFIG_001 | B9: Thêm mới Leave Type với các trường bắt buộc | C9: Tiền điều kiện: Admin đã đăng nhập. Bộ fixture F_TYPE chưa tồn tại. Input: Name=G01T01_Annual; Is Entitlement Situational=No (mặc định) 1. Vào Leave > Configure > Leave Types. 2. Bấm nút + Add. 3. Nhập Name, giữ nguyên Situational là No. 4. Bấm Save. Đối chiếu danh sách Leave Types. Kết thúc: khôi phục fixture theo Test Data. | D9: Hiển thị thông báo lưu thành công (Successfully Saved). Danh sách có đúng loại nghỉ phép G01T01_Annual với Situational=No. | E9: Không phụ thuộc TC khác; dùng fixture setup. | F9: Untested | H9: TD_LEAVE_CONFIG_01 Positive; Phân vùng tương đương Automation: P1
A10: TC_LEAVE_CONFIG_002 | B10: Thêm mới Leave Type với tùy chọn Situational = Yes | C10: Tiền điều kiện: Admin đã đăng nhập. Bộ fixture F_TYPE_SIT chưa tồn tại. Input: Name=G01T01_Maternity; Is Entitlement Situational=Yes 1. Vào Leave > Configure > Leave Types > Add. 2. Nhập Name=G01T01_Maternity. 3. Chọn radio Is Entitlement Situational=Yes. 4. Bấm Save. Mở lại bản ghi để kiểm tra. Kết thúc: khôi phục fixture theo Test Data. | D10: Lưu thành công. Khi mở lại bản ghi G01T01_Maternity, radio Is Entitlement Situational được chọn là Yes. | E10: Không phụ thuộc TC khác; dùng fixture setup. | F10: Untested | H10: TD_LEAVE_CONFIG_01 Positive; Phân vùng tương đương Automation: P1
A11: TC_LEAVE_CONFIG_003 | B11: Bỏ trống trường Leave Type Name | C11: Tiền điều kiện: Admin đã đăng nhập. Input: Name rỗng; Is Entitlement Situational=No 1. Vào Leave > Configure > Leave Types > Add. 2. Để trống ô Name. 3. Bấm Save. 4. Quan sát thông báo lỗi tại form. Kết thúc: khôi phục fixture theo Test Data. | D11: Trường Name hiển thị thông báo lỗi "Required". Không tạo Leave Type mới và form không đóng. | E11: Không phụ thuộc TC khác; dùng fixture setup. | F11: Untested | H11: TD_LEAVE_CONFIG_02 Negative; Phân vùng tương đương Automation: P1
A12: TC_LEAVE_CONFIG_004 | B12: Nhập Leave Type Name chỉ chứa khoảng trắng | C12: Tiền điều kiện: Admin đã đăng nhập. Input: Name=" " (3 dấu cách) 1. Mở form Add Leave Type. 2. Nhập 3 dấu cách vào ô Name. 3. Bấm Save. 4. Quan sát phản hồi validation của hệ thống. Kết thúc: khôi phục fixture theo Test Data. | D12: Hệ thống từ chối lưu và hiển thị thông báo lỗi "Required" hoặc không hợp lệ do chuỗi chỉ có khoảng trắng. Không tạo bản ghi. | E12: Không phụ thuộc TC khác; dùng fixture setup. | F12: Untested | H12: TD_LEAVE_CONFIG_02 Negative; Phân vùng tương đương Automation: P1
A13: TC_LEAVE_CONFIG_005 | B13: Leave Type Name đúng biên tối đa 50 ký tự | C13: Tiền điều kiện: Admin đã đăng nhập. Input: Name=chuỗi đúng 50 ký tự (G01T01_AAAAAAAAAAAAAAAAAAAAAAAAAAAAAAAAAAAAAAAAAAAA); Situational=No 1. Mở Add Leave Type. 2. Nhập chuỗi 50 ký tự hợp lệ vào Name. 3. Bấm Save. Tìm bản ghi trong danh sách. Kết thúc: khôi phục fixture theo Test Data. | D13: Lưu thành công. Bản ghi hiển thị nguyên vẹn đầy đủ 50 ký tự trong danh sách Leave Types mà không bị cắt bớt. | E13: Không phụ thuộc TC khác; dùng fixture setup. | F13: Untested | H13: TD_LEAVE_CONFIG_02 Positive; Phân tích giá trị biên Automation: P1
A14: TC_LEAVE_CONFIG_006 | B14: Leave Type Name vượt biên 50 ký tự (51 ký tự) | C14: Tiền điều kiện: Admin đã đăng nhập. Input: Name=chuỗi 51 ký tự (G01T01_AAAAAAAAAAAAAAAAAAAAAAAAAAAAAAAAAAAAAAAAAAAAA) 1. Mở Add Leave Type. 2. Nhập chuỗi 51 ký tự vào Name. 3. Bấm Save (hoặc quan sát kiểm tra độ dài). Kết thúc: khôi phục fixture theo Test Data. | D14: Hiển thị lỗi giới hạn ký tự "Should not exceed 50 characters" hoặc input chặn không cho nhập ký tự thứ 51. Không lưu giá trị 51 ký tự. | E14: Không phụ thuộc TC khác; dùng fixture setup. | F14: Untested | H14: TD_LEAVE_CONFIG_02 Negative; Phân tích giá trị biên Automation: P1
A15: TC_LEAVE_CONFIG_007 | B15: Nhập Leave Type Name trùng với tên loại phép đã tồn tại | C15: Tiền điều kiện: Admin đã đăng nhập. Loại phép F_TYPE (G01T01_Annual) đã tồn tại trong hệ thống. Input: Name=G01T01_Annual (trùng hoàn toàn F_TYPE) 1. Mở Add Leave Type. 2. Nhập Name=G01T01_Annual. 3. Bấm Save. Kết thúc: khôi phục fixture theo Test Data. | D15: Hiển thị thông báo lỗi "Already exists" tại trường Name. Hệ thống không cho phép lưu bản ghi trùng tên. | E15: Không phụ thuộc TC khác; dùng fixture setup. | F15: Untested | H15: TD_LEAVE_CONFIG_02 Negative; Phân vùng tương đương Automation: P1
A16: TC_LEAVE_CONFIG_008 | B16: Nhập Leave Type Name chứa chữ, số và dấu gạch nối hợp lệ | C16: Tiền điều kiện: Admin đã đăng nhập. Input: Name="G01T01_Casual-Leave_2026"; Situational=No 1. Mở Add Leave Type. 2. Nhập tên chứa chữ, số, dấu gạch nối và gạch dưới. 3. Bấm Save. Đối chiếu trong danh sách. Kết thúc: khôi phục fixture theo Test Data. | D16: Lưu thành công, tên hiển thị chính xác "G01T01_Casual-Leave_2026" trong danh sách Leave Types. | E16: Không phụ thuộc TC khác; dùng fixture setup. | F16: Untested | H16: TD_LEAVE_CONFIG_01 Positive; Phân vùng tương đương Automation: P1
A17: TC_LEAVE_CONFIG_009 | B17: Hủy thao tác thêm mới Leave Type | C17: Tiền điều kiện: Admin đã đăng nhập. Input: Name=G01T01_CancelType 1. Mở Add Leave Type, nhập dữ liệu vào Name. 2. Bấm nút Cancel thay vì Save. 3. Tìm kiếm tên vừa nhập trong danh sách Leave Types. Kết thúc: khôi phục fixture theo Test Data. | D17: Form thêm mới đóng lại, quay về danh sách Leave Types. Không xuất hiện loại phép G01T01_CancelType. | E17: Không phụ thuộc TC khác; dùng fixture setup. | F17: Untested | H17: TD_LEAVE_CONFIG_03 Positive; Phân vùng tương đương Automation: P1
A18: TC_LEAVE_CONFIG_010 | B18: Chỉnh sửa tên Leave Type thành tên mới hợp lệ | C18: Tiền điều kiện: Admin đã đăng nhập. Bản ghi G01T01_Annual tồn tại. Input: Name mới=G01T01_Annual_Updated 1. Vào Leave Types, tìm dòng G01T01_Annual, bấm icon Edit. 2. Thay đổi Name thành G01T01_Annual_Updated. 3. Bấm Save. Tải lại trang danh sách. Kết thúc: khôi phục fixture theo Test Data. | D18: Thông báo "Successfully Updated". Dòng loại phép hiển thị tên mới G01T01_Annual_Updated, tên cũ không còn. | E18: Không phụ thuộc TC khác; dùng fixture setup. | F18: Untested | H18: TD_LEAVE_CONFIG_03 Positive; Chuyển trạng thái Automation: P1
A19: TC_LEAVE_CONFIG_011 | B19: Chỉnh sửa Leave Type đổi Is Entitlement Situational từ No sang Yes | C19: Tiền điều kiện: Admin đã đăng nhập. Bản ghi G01T01_Annual_Updated có Situational=No. Input: Situational đổi thành Yes 1. Mở Edit bản ghi G01T01_Annual_Updated. 2. Chọn radio Is Entitlement Situational=Yes. 3. Bấm Save. Mở lại bản ghi kiểm tra. Kết thúc: khôi phục fixture theo Test Data. | D19: Lưu thành công. Radio Situational giữ giá trị Yes sau khi reload trang. | E19: Không phụ thuộc TC khác; dùng fixture setup. | F19: Untested | H19: TD_LEAVE_CONFIG_03 Positive; Chuyển trạng thái Automation: P1
A20: TC_LEAVE_CONFIG_012 | B20: Chỉnh sửa Leave Type nhưng xóa trống trường Name | C20: Tiền điều kiện: Admin đã đăng nhập. Bản ghi G01T01_Annual_Updated tồn tại. Input: Name xóa rỗng 1. Mở Edit bản ghi G01T01_Annual_Updated. 2. Xóa toàn bộ nội dung trong ô Name. 3. Bấm Save. Kết thúc: khôi phục fixture theo Test Data. | D20: Hiển thị lỗi "Required" tại trường Name. Hệ thống không lưu tên rỗng, dữ liệu cũ vẫn giữ nguyên khi reload. | E20: Không phụ thuộc TC khác; dùng fixture setup. | F20: Untested | H20: TD_LEAVE_CONFIG_03 Negative; Phân vùng tương đương Automation: P1
... A33: TC_LEAVE_CONFIG_025 | B33: Hủy thao tác thêm Leave Entitlement khi đang nhập liệu | C33: Tiền điều kiện: Admin đã đăng nhập. Input: Employee=F_EMP; Leave Type=F_TYPE; Entitlement=20.00 1. Mở Add Entitlements, nhập các thông tin. 2. Bấm nút Cancel thay vì Save. 3. Mở xem danh sách hạn mức của F_EMP. Kết thúc: khôi phục fixture theo Test Data. | D33: Hủy thao tác và quay về trang trước đó. Không có hạn mức 20.00 ngày nào được thêm cho F_EMP. | E33: Không phụ thuộc TC khác; dùng fixture setup. | F33: Untested | H33: TD_LEAVE_CONFIG_04 Positive; Phân vùng tương đương Automation: P1

Sheet LEAVE_SELF
A2: Module Code | B2: LEAVE_SELF
A3: Test requirement | B3: Apply Leave và My Leave
A4: Tester | B4: Cao Tiến Thành - 22130254
A5: Passed | B5: Failed | C5: Untested | D5: Blocked | E5: Skipped | F5: Number of Test cases
A6: =COUNTIF($F$9:$F$33,"Passed") | B6: =COUNTIF($F$9:$F$33,"Failed") | C6: =COUNTIF($F$9:$F$33,"Untested") | D6: =COUNTIF($F$9:$F$33,"Blocked") | E6: =COUNTIF($F$9:$F$33,"Skipped") | F6: =COUNTA(A9:A33)
A8: ID | B8: Test Case Description | C8: Test Case Procedure | D8: Expected Output | E8: Inter-test case Dependence | F8: Result | G8: Test date | H8: Note
A9: TC_LEAVE_SELF_001 | B9: Nộp đơn xin nghỉ phép 1 ngày hợp lệ khi đủ hạn mức | C9: Tiền điều kiện: Admin/User đăng nhập. Nhân viên có đủ Leave Balance (>1 ngày) tại loại phép F_TYPE. Input: Leave Type=F_TYPE; From Date=2026-11-10; To Date=2026-11-10 (1 ngày); Comments="G01T01 One day leave" 1. Vào Leave > Apply. 2. Chọn Leave Type F_TYPE, quan sát Leave Balance hiển thị. 3. Nhập From Date và To Date cùng ngày 2026-11-10. 4. Nhập Comments và bấm Apply. 5. Vào My Leave kiểm tra đơn vừa nộp. Kết thúc: khôi phục fixture theo Test Data. | D9: Thông báo "Successfully Submitted". Trong My Leave xuất hiện dòng đơn ngày 2026-11-10 với Status="Pending Approval", Number of Days=1.00. | E9: Không phụ thuộc TC khác; dùng fixture setup. | F9: Untested | H9: TD_LEAVE_SELF_01 Positive; Phân vùng tương đương Automation: P1
A10: TC_LEAVE_SELF_002 | B10: Nộp đơn xin nghỉ phép nhiều ngày liên tiếp hợp lệ | C10: Tiền điều kiện: User có Leave Balance >= 3 ngày tại F_TYPE. Input: Leave Type=F_TYPE; From Date=2026-11-16; To Date=2026-11-18 (3 ngày làm việc); Comments="G01T01 3 days leave" 1. Vào Leave > Apply. 2. Chọn F_TYPE, nhập From Date=2026-11-16, To Date=2026-11-18. 3. Bấm Apply. 4. Đối chiếu trong My Leave. Kết thúc: khôi phục fixture theo Test Data. | D10: Nộp đơn thành công. Đơn hiển thị trong My Leave với khoảng ngày 2026-11-16 to 2026-11-18, Number of Days=3.00, Status="Pending Approval". | E10: Không phụ thuộc TC khác; dùng fixture setup. | F10: Untested | H10: TD_LEAVE_SELF_01 Positive; Phân vùng tương đương Automation: P1
A11: TC_LEAVE_SELF_003 | B11: Nộp đơn xin nghỉ phép có kèm nội dung ghi chú Comments | C11: Tiền điều kiện: User có đủ hạn mức phép. Input: Leave Type=F_TYPE; From=2026-11-23; To=2026-11-23; Comments="Xin nghỉ giải quyết việc gia đình cá nhân G01T01" 1. Vào Apply Leave, điền ngày hợp lệ. 2. Nhập nội dung vào ô Comments. 3. Bấm Apply. Mở xem chi tiết đơn tại My Leave. Kết thúc: khôi phục fixture theo Test Data. | D11: Đơn được gửi thành công. Khi xem chi tiết đơn trong My Leave, ô Comments hiển thị chính xác chuỗi đã nhập. | E11: Không phụ thuộc TC khác; dùng fixture setup. | F11: Untested | H11: TD_LEAVE_SELF_01 Positive; Phân vùng tương đương Automation: P1
A12: TC_LEAVE_SELF_004 | B12: Không chọn Leave Type khi nộp đơn | C12: Tiền điều kiện: Đang ở trang Apply Leave. Input: Leave Type trống (-- Select --); From Date=2026-11-10; To Date=2026-11-10 1. Vào Leave > Apply. 2. Giữ nguyên ô Leave Type không chọn, nhập From Date và To Date. 3. Bấm Apply. Kết thúc: khôi phục fixture theo Test Data. | D12: Trường Leave Type hiển thị lỗi "Required". Đơn không được gửi đi. | E12: Không phụ thuộc TC khác; dùng fixture setup. | F12: Untested | H12: TD_LEAVE_SELF_02 Negative; Phân vùng tương đương Automation: P1
A13: TC_LEAVE_SELF_005 | B13: Bỏ trống trường From Date khi nộp đơn | C13: Tiền điều kiện: Đang ở trang Apply Leave. Input: Leave Type=F_TYPE; From Date rỗng; To Date=2026-11-10 1. Mở Apply Leave, chọn Leave Type F_TYPE. 2. Để trống ô From Date, chỉ nhập To Date. 3. Bấm Apply. Kết thúc: khôi phục fixture theo Test Data. | D13: Trường From Date hiển thị thông báo lỗi "Required". Không thể nộp đơn. | E13: Không phụ thuộc TC khác; dùng fixture setup. | F13: Untested | H13: TD_LEAVE_SELF_02 Negative; Phân vùng tương đương Automation: P1
A14: TC_LEAVE_SELF_006 | B14: Bỏ trống trường To Date khi nộp đơn | C14: Tiền điều kiện: Đang ở trang Apply Leave. Input: Leave Type=F_TYPE; From Date=2026-11-10; To Date rỗng 1. Mở Apply Leave, chọn Leave Type F_TYPE. 2. Nhập From Date, xóa trống ô To Date. 3. Bấm Apply. Kết thúc: khôi phục fixture theo Test Data. | D14: Trường To Date hiển thị thông báo lỗi "Required". Không thể nộp đơn. | E14: Không phụ thuộc TC khác; dùng fixture setup. | F14: Untested | H14: TD_LEAVE_SELF_02 Negative; Phân vùng tương đương Automation: P1
A15: TC_LEAVE_SELF_007 | B15: Chọn To Date trước From Date khi nộp đơn | C15: Tiền điều kiện: Đang ở trang Apply Leave. Input: Leave Type=F_TYPE; From Date=2026-11-20; To Date=2026-11-15 (To < From) 1. Chọn F_TYPE. 2. Nhập From Date=2026-11-20. 3. Nhập To Date=2026-11-15. 4. Bấm Apply hoặc quan sát validation. Kết thúc: khôi phục fixture theo Test Data. | D15: Trường To Date báo lỗi "To date should be after from date". Nút Apply không gửi dữ liệu. | E15: Không phụ thuộc TC khác; dùng fixture setup. | F15: Untested | H15: TD_LEAVE_SELF_03 Negative; Bảng quyết định Automation: P1
A16: TC_LEAVE_SELF_008 | B16: Chọn To Date bằng From Date (nghỉ đúng 1 ngày) | C16: Tiền điều kiện: Đang ở trang Apply Leave. Input: Leave Type=F_TYPE; From Date=2026-11-25; To Date=2026-11-25 1. Nhập From Date=2026-11-25. 2. Nhập To Date=2026-11-25. 3. Quan sát trường Duration/Partial Days và nộp đơn. Kết thúc: khôi phục fixture theo Test Data. | D16: Hệ thống chấp nhận hai ngày bằng nhau, Duration hiển thị 1.0 Day. Đơn được nộp thành công. | E16: Không phụ thuộc TC khác; dùng fixture setup. | F16: Untested | H16: TD_LEAVE_SELF_01 Positive; Phân tích giá trị biên Automation: P1
A17: TC_LEAVE_SELF_009 | B17: Nhập From Date là ngày không tồn tại trên lịch | C17: Tiền điều kiện: Đang ở trang Apply Leave. Input: From Date=2026-02-30 (ngày 30/02 không tồn tại); To Date=2026-03-02 1. Nhập From Date=2026-02-30 vào ô ngày. 2. Nhập To Date hợp lệ. 3. Bấm Apply. Kết thúc: khôi phục fixture theo Test Data. | D17: Báo lỗi định dạng ngày không hợp lệ ("Should be a valid date" hoặc "Invalid Date"). Đơn không được chấp nhận. | E17: Không phụ thuộc TC khác; dùng fixture setup. | F17: Untested | H17: TD_LEAVE_SELF_02 Negative; Phân vùng tương đương Automation: P1
A18: TC_LEAVE_SELF_010 | B18: Nhập To Date là ngày không tồn tại trên lịch | C18: Tiền điều kiện: Đang ở trang Apply Leave. Input: From Date=2026-04-28; To Date=2026-04-31 (tháng 4 chỉ có 30 ngày) 1. Nhập From Date hợp lệ. 2. Nhập To Date=2026-04-31. 3. Bấm Apply. Kết thúc: khôi phục fixture theo Test Data. | D18: Báo lỗi định dạng ngày không hợp lệ tại ô To Date. Đơn không được chấp nhận. | E18: Không phụ thuộc TC khác; dùng fixture setup. | F18: Untested | H18: TD_LEAVE_SELF_02 Negative; Phân vùng tương đương Automation: P1
A19: TC_LEAVE_SELF_011 | B19: Nộp đơn khi Leave Balance của loại phép bằng 0.00 | C19: Tiền điều kiện: Nhân viên không có hạn mức phép (Leave Balance = 0.00 Day(s)) tại loại phép thử nghiệm F_NO_BAL. Input: Leave Type=F_NO_BAL; From=2026-11-10; To=2026-11-10 1. Mở Apply Leave, chọn loại phép F_NO_BAL có Balance = 0.00. 2. Nhập ngày nghỉ, quan sát cảnh báo Balance. 3. Bấm Apply. Kết thúc: khôi phục fixture theo Test Data. | D19: Hiển thị cảnh báo số dư không đủ ("Balance not sufficient") hoặc từ chối nộp đơn tùy thuộc vào cấu hình không cho phép âm phép. | E19: Không phụ thuộc TC khác; dùng fixture setup. | F19: Untested | H19: TD_LEAVE_SELF_03 Negative; Phân vùng tương đương Automation: P1
A20: TC_LEAVE_SELF_012 | B20: Nộp đơn xin nghỉ trùng hoàn toàn khoảng ngày với đơn đã có | C20: Tiền điều kiện: Đã có đơn xin nghỉ phép ngày 2026-11-10 (TC_LEAVE_SELF_001) ở trạng thái Pending hoặc Scheduled. Input: Leave Type=F_TYPE; From=2026-11-10; To=2026-11-10 1. Vào Apply Leave. 2. Nhập trùng ngày 2026-11-10 với đơn đã có. 3. Bấm Apply. Kết thúc: khôi phục fixture theo Test Data. | D20: Hiển thị thông báo lỗi "Failed to Submit: Overlapping Leave Request". Đơn trùng lặp bị ngăn chặn hoàn toàn. | E20: Không phụ thuộc TC khác; dùng fixture setup. | F20: Untested | H20: TD_LEAVE_SELF_03 Negative; Bảng quyết định Automation: P1
... A33: TC_LEAVE_SELF_025 | B33: Kiểm tra đơn đã Taken trong quá khứ không cho phép Cancel | C33: Tiền điều kiện: Có đơn ở trạng thái "Taken" (kỳ nghỉ đã diễn ra xong trong quá khứ). Input: Đơn Status="Taken" 1. Vào My Leave, lọc và tìm đơn có Status="Taken". 2. Kiểm tra thao tác tại cột Actions. Kết thúc: khôi phục fixture theo Test Data. | D33: Không cho phép Cancel đơn đã Taken. Không hiển thị nút Cancel trên dòng bản ghi này. | E33: Không phụ thuộc TC khác; dùng fixture setup. | F33: Untested | H33: TD_LEAVE_SELF_05 Negative; Chuyển trạng thái Automation: P2

Sheet LEAVE_ADMIN
A2: Module Code | B2: LEAVE_ADMIN
A3: Test requirement | B3: Leave List và Request Actions
A4: Tester | B4: Cao Tiến Thành - 22130254
A5: Passed | B5: Failed | C5: Untested | D5: Blocked | E5: Skipped | F5: Number of Test cases
A6: =COUNTIF($F$9:$F$33,"Passed") | B6: =COUNTIF($F$9:$F$33,"Failed") | C6: =COUNTIF($F$9:$F$33,"Untested") | D6: =COUNTIF($F$9:$F$33,"Blocked") | E6: =COUNTIF($F$9:$F$33,"Skipped") | F6: =COUNTA(A9:A33)
A8: ID | B8: Test Case Description | C8: Test Case Procedure | D8: Expected Output | E8: Inter-test case Dependence | F8: Result | G8: Test date | H8: Note
A9: TC_LEAVE_ADMIN_001 | B9: Tìm kiếm Leave List theo Employee Name hợp lệ qua autocomplete | C9: Tiền điều kiện: Admin đã đăng nhập. Nhân viên F_EMP đã có đơn xin nghỉ phép trong hệ thống. Input: Employee Name=F_EMP (chọn chính xác từ gợi ý autocomplete) 1. Vào Leave > Leave List. 2. Gõ tiền tố tên F_EMP vào Employee Name, đợi gợi ý và bấm chọn đúng nhân viên. 3. Bấm nút Search. Kiểm tra danh sách kết quả. Kết thúc: khôi phục fixture theo Test Data. | D9: Bảng kết quả chỉ hiển thị các đơn nghỉ phép thuộc về đúng nhân viên F_EMP đã chọn. Không có nhân viên khác trong kết quả. | E9: Không phụ thuộc TC khác; dùng fixture setup. | F9: Untested | H9: TD_LEAVE_ADMIN_01 Positive; Phân vùng tương đương Automation: P1
A10: TC_LEAVE_ADMIN_002 | B10: Tìm kiếm Leave List với Employee Name không tồn tại | C10: Tiền điều kiện: Admin đã đăng nhập. Input: Employee Name="Unknown_Employee_G01X" 1. Mở Leave List. 2. Gõ tên không tồn tại vào Employee Name. 3. Quan sát gợi ý và bấm Search nếu cho phép. Kết thúc: khôi phục fixture theo Test Data. | D10: Autocomplete hiển thị "No Records Found", không chọn được nhân viên. Bảng kết quả không hiển thị bản ghi nào. | E10: Không phụ thuộc TC khác; dùng fixture setup. | F10: Untested | H10: TD_LEAVE_ADMIN_01 Negative; Phân vùng tương đương Automation: P1
A11: TC_LEAVE_ADMIN_003 | B11: Lọc Leave List kết hợp Leave Type và trạng thái Pending Approval | C11: Tiền điều kiện: Admin đã đăng nhập. Có đơn Pending của loại F_TYPE và các loại phép khác. Input: Leave Type=F_TYPE; Status="Pending Approval" 1. Vào Leave List, chọn Leave Type=F_TYPE. 2. Chọn Status chỉ có "Pending Approval". 3. Bấm Search. Kiểm tra mọi dòng kết quả. Kết thúc: khôi phục fixture theo Test Data. | D11: Tất cả kết quả trả về thỏa mãn đồng thời cả hai điều kiện: Leave Type đúng là F_TYPE và Status đúng là "Pending Approval". | E11: Không phụ thuộc TC khác; dùng fixture setup. | F11: Untested | H11: TD_LEAVE_ADMIN_01 Integration; Bảng quyết định Automation: P1
A12: TC_LEAVE_ADMIN_004 | B12: Lọc Leave List theo Sub Unit của tổ chức | C12: Tiền điều kiện: Admin đã đăng nhập. Có nhân viên thuộc Sub Unit chỉ định (vd: SUBUNIT_A). Input: Sub Unit=SUBUNIT_A 1. Chọn giá trị SUBUNIT_A tại dropdown Sub Unit. 2. Bấm Search. Đối chiếu danh sách. Kết thúc: khôi phục fixture theo Test Data. | D12: Danh sách chỉ chứa các đơn của những nhân viên thuộc đúng Sub Unit đã chọn. | E12: Không phụ thuộc TC khác; dùng fixture setup. | F12: Untested | H12: TD_LEAVE_ADMIN_01 Positive; Phân vùng tương đương Automation: P1
A13: TC_LEAVE_ADMIN_005 | B13: Lọc Leave List theo khoảng thời gian From Date - To Date hợp lệ | C13: Tiền điều kiện: Admin đã đăng nhập. Input: From Date=2026-11-01; To Date=2026-11-30 1. Nhập From Date và To Date vào bộ lọc Leave List. 2. Bấm Search. 3. Kiểm tra ngày của các dòng trong bảng. Kết thúc: khôi phục fixture theo Test Data. | D13: Tất cả các đơn hiển thị đều có ngày nghỉ rơi vào khoảng từ 01/11/2026 đến 30/11/2026. | E13: Không phụ thuộc TC khác; dùng fixture setup. | F13: Untested | H13: TD_LEAVE_ADMIN_01 Positive; Phân vùng tương đương Automation: P1
A14: TC_LEAVE_ADMIN_006 | B14: Lọc Leave List với From Date lớn hơn To Date | C14: Tiền điều kiện: Admin đã đăng nhập. Input: From Date=2026-11-30; To Date=2026-11-01 (From > To) 1. Nhập From Date lớn hơn To Date. 2. Bấm Search hoặc quan sát validation. Kết thúc: khôi phục fixture theo Test Data. | D14: Trường To Date hiển thị lỗi "To date should be after from date". Hệ thống không thực hiện truy vấn với khoảng ngày sai. | E14: Không phụ thuộc TC khác; dùng fixture setup. | F14: Untested | H14: TD_LEAVE_ADMIN_01 Negative; Bảng quyết định Automation: P1
A15: TC_LEAVE_ADMIN_007 | B15: Lọc đồng thời nhiều trạng thái trong Show Leave with Status | C15: Tiền điều kiện: Admin đã đăng nhập. Có sẵn đơn Pending Approval và đơn Scheduled. Input: Status chọn cả hai chip: "Pending Approval" và "Scheduled" 1. Thêm cả hai trạng thái vào bộ chọn Status. 2. Bấm Search. 3. Kiểm tra các dòng kết quả. Kết thúc: khôi phục fixture theo Test Data. | D15: Bảng kết quả hiển thị đồng thời các đơn có trạng thái Pending Approval và Scheduled, không hiển thị Rejected hay Cancelled. | E15: Không phụ thuộc TC khác; dùng fixture setup. | F15: Untested | H15: TD_LEAVE_ADMIN_02 Positive; Bảng quyết định Automation: P1
A16: TC_LEAVE_ADMIN_008 | B16: Bật toggle Include Past Employees khi tìm kiếm | C16: Tiền điều kiện: Admin đã đăng nhập. Trong hệ thống có nhân viên đã nghỉ việc từng có đơn nghỉ phép. Input: Bật toggle "Include Past Employees" 1. Bật toggle Include Past Employees sang trạng thái On. 2. Bấm Search. 3. Đối chiếu danh sách kết quả. Kết thúc: khôi phục fixture theo Test Data. | D16: Danh sách kết quả bao gồm cả các đơn nghỉ phép lịch sử của nhân viên đã thôi việc (Past Employees). | E16: Không phụ thuộc TC khác; dùng fixture setup. | F16: Untested | H16: TD_LEAVE_ADMIN_02 Positive; Chuyển trạng thái Automation: P2
A17: TC_LEAVE_ADMIN_009 | B17: Bấm nút Reset trên form lọc Leave List | C17: Tiền điều kiện: Đang ở Leave List với các trường lọc đã chọn giá trị tùy biến. Input: Bấm nút Reset 1. Điền From Date, To Date, chọn Employee Name và Sub Unit. 2. Bấm Search. 3. Bấm nút Reset. Kết thúc: khôi phục fixture theo Test Data. | D17: Tất cả các trường nhập liệu From Date, To Date, Employee Name, Sub Unit được xóa rỗng; trạng thái trở về mặc định (Pending Approval); danh sách tải lại. | E17: Không phụ thuộc TC khác; dùng fixture setup. | F17: Untested | H17: TD_LEAVE_ADMIN_02 Positive; Chuyển trạng thái Automation: P1
A18: TC_LEAVE_ADMIN_010 | B18: Phê duyệt (Approve) một đơn nghỉ phép đang ở trạng thái Pending Approval | C18: Tiền điều kiện: Có đơn nghỉ phép F_REQ_PEND của nhân viên F_EMP ở trạng thái "Pending Approval". Input: Click nút Approve tại dòng đơn F_REQ_PEND 1. Vào Leave List, tìm dòng F_REQ_PEND. 2. Tại cột Actions, nhấp nút Approve (hoặc chọn Approve trong menu hành động). 3. Tải lại danh sách kiểm tra. Kết thúc: khôi phục fixture theo Test Data. | D18: Thông báo "Successfully Updated". Cột Status của đơn chuyển ngay từ "Pending Approval" sang "Scheduled". Nút Approve/Reject biến mất. | E18: Không phụ thuộc TC khác; dùng fixture setup. | F18: Untested | H18: TD_LEAVE_ADMIN_03 Positive; Chuyển trạng thái Automation: P1
A19: TC_LEAVE_ADMIN_011 | B19: Xác nhận trạng thái Scheduled sau khi Approve hiển thị đồng bộ bên Employee | C19: Tiền điều kiện: Đơn F_REQ_PEND vừa được Approve thành Scheduled ở TC trước. Input: Đăng nhập tài khoản nhân viên F_EMP 1. Đăng nhập phía nhân viên F_EMP (hoặc lọc My Leave của F_EMP). 2. Vào Leave > My Leave. 3. Tìm dòng đơn tương ứng. Kết thúc: khôi phục fixture theo Test Data. | D19: Bên phía nhân viên hiển thị chính xác trạng thái "Scheduled", thông tin ngày và số ngày khớp hoàn toàn với bản ghi Admin đã duyệt. | E19: Không phụ thuộc TC khác; dùng fixture setup. | F19: Untested | H19: TD_LEAVE_ADMIN_03 Positive; Chuyển trạng thái Automation: P1
A20: TC_LEAVE_ADMIN_012 | B20: Từ chối (Reject) một đơn nghỉ phép đang ở trạng thái Pending Approval | C20: Tiền điều kiện: Có đơn nghỉ phép F_REQ_REJ ở trạng thái "Pending Approval". Input: Click nút Reject tại dòng đơn F_REQ_REJ 1. Vào Leave List, tìm đơn F_REQ_REJ. 2. Tại cột Actions, nhấp nút Reject. 3. Tải lại trang và quan sát trạng thái. Kết thúc: khôi phục fixture theo Test Data. | D20: Thông báo "Successfully Updated". Trạng thái của đơn chuyển ngay thành "Rejected". | E20: Không phụ thuộc TC khác; dùng fixture setup. | F20: Untested | H20: TD_LEAVE_ADMIN_04 Positive; Chuyển trạng thái Automation: P1
... A33: TC_LEAVE_ADMIN_025 | B33: Đối chiếu tính chính xác của Number of Days và Leave Balance trên từng dòng đơn | C33: Tiền điều kiện: Có đơn nghỉ phép đã lưu trong Leave List. Input: Chọn 1 dòng đơn bất kỳ để đối chiếu dữ liệu 1. Kiểm tra From Date và To Date của đơn (vd: 3 ngày làm việc). 2. Đối chiếu cột Number of Days. 3. Đối chiếu cột Leave Balance (Days) với hạn mức gốc trừ đi số ngày đã nghỉ. Kết thúc: khôi phục fixture theo Test Data. | D33: Cột Number of Days hiển thị đúng số ngày làm việc giữa From Date và To Date. Cột Leave Balance phản ánh chính xác số ngày dư phép còn lại của nhân viên tại thời điểm tạo đơn. | E33: Không phụ thuộc TC khác; dùng fixture setup. | F33: Untested | H33: TD_LEAVE_ADMIN_05 Positive; Phân vùng tương đương Automation: P1

Sheet Test Data
A2: LEAVE TEST DATA
A4: Data ID | B4: Giá trị / fixture | C4: Cách chuẩn bị | D4: Sử dụng | E4: Dọn dẹp / khôi phục | F4: Quy tắc
A5: RUN | B5: G01T01 (tên); G1T01 (tiền tố ID) | C5: Đổi T01 thành mã lần chạy chưa dùng. Các ID và tên mẫu trong TC đổi đồng nhất. Kiểm tra không trùng trước setup. | D5: Toàn bộ 75 TC | E5: Ghi lại ID và tên Leave Type để dọn dẹp sau khi chạy. | F5: Chỉ dùng dữ liệu giả của nhóm.
A6: ACCOUNT | B6: Admin / admin123 | C6: Dùng thông tin demo hiển thị tại trang đăng nhập. Không dùng tài khoản thật. | D6: Tiền điều kiện chung | E6: Không đổi mật khẩu, không khóa tài khoản demo. | F6: Chưa có kết quả execution.
A7: F_EMP | B7: ID=G1T01E0001; First=G01T01; Last=ThanhLeave | C7: Tạo trước run bằng Add Employee trong PIM; tạo tài khoản login nếu cần test vai trò Employee. | D7: LEAVE_CONFIG (Entitlements); LEAVE_SELF; LEAVE_ADMIN | E7: Xóa nhân viên fixture của nhóm sau khi hoàn thành và lưu bằng chứng. | F7: Nhân viên phải thực sự tồn tại.
A8: F_TYPE | B8: Name=G01T01_Annual; Is Entitlement Situational=No | C8: Tạo trong Configure > Leave Types trước khi cấp entitlement. | D8: TC_LEAVE_CONFIG_001, 007, 010, 016; toàn bộ LEAVE_SELF và ADMIN | E8: Xóa loại phép fixture của nhóm sau run. | F8: Không sửa/xóa các Leave Type mặc định có sẵn (vd: US - Vacation, CAN - FMLA).
A9: F_TYPE_SIT | B9: Name=G01T01_Maternity; Is Entitlement Situational=Yes | C9: Tạo trong Configure > Leave Types với Situational=Yes. | D9: TC_LEAVE_CONFIG_002 | E9: Xóa loại phép fixture của nhóm sau run. | F9: Dùng để kiểm thử tính chất Situational.
A10: F_ENTITLE | B10: Employee=F_EMP; Leave Type=F_TYPE; Period=2026; Days=20.00 | C10: Thêm trong Entitlements > Add Entitlements trước khi chạy các case Apply Leave. | D10: Toàn bộ LEAVE_SELF và LEAVE_ADMIN | E10: Khôi phục hạn mức ban đầu sau các ca test nộp đơn. | F10: Đảm bảo số dư phép đủ cho các đợt apply.
A11: F_REQ_PEND | B11: Đơn nghỉ phép của F_EMP; ngày 2026-11-10 đến 2026-11-10 (1 ngày); Status=Pending Approval | C11: Nộp trước qua Apply Leave hoặc fixture setup. | D11: LEAVE_ADMIN (Approve/Reject); LEAVE_SELF_022 | E11: Dọn dẹp bản ghi đơn sau test. | F11: Mỗi nhánh kiểm thử trạng thái dùng đơn riêng.
A12: F_REQ_SCHED | B12: Đơn nghỉ phép của F_EMP; ngày 2026-12-01 đến 2026-12-02 (2 ngày); Status=Scheduled | C12: Nộp và Approve trước qua Admin để đạt trạng thái Scheduled. | D12: LEAVE_SELF_023; LEAVE_ADMIN_014 | E12: Dọn dẹp bản ghi sau test. | F12: Đơn Scheduled dùng để test Cancel.
A13: F_FILTER_A / B | B13: Hai đơn nghỉ phép của 2 nhân viên khác nhau (F_EMP và F_EMP_B) thuộc 2 Sub Unit khác nhau | C13: Tạo trước 2 nhân viên và nộp đơn riêng biệt; ghi nhận nhãn Sub Unit thực tế trên UI. | D13: TC_LEAVE_ADMIN_001, 003, 004 | E13: Khôi phục và xóa 2 fixture sau run. | F13: Kiểm tra tính độc lập và chính xác của bộ lọc.
A14: NAME_50 | B14: G01T01_AAAAAAAAAAAAAAAAAAAAAAAAAAAAAAAAAAAAAAAAAAAA (50 ký tự) | C14: Chuỗi đúng 50 ký tự, không chứa ký tự cấm. | D14: TC_LEAVE_CONFIG_005 | E14: Xóa loại phép sau test. | F14: Biên tối đa 50 ký tự theo quy định hệ thống.
A15: NAME_51 | B15: G01T01_AAAAAAAAAAAAAAAAAAAAAAAAAAAAAAAAAAAAAAAAAAAAA (51 ký tự) | C15: Chuỗi 51 ký tự. Kiểm tra validation hoặc maxlength. | D15: TC_LEAVE_CONFIG_006 | E15: Không lưu vào hệ thống. | F15: Vượt biên 50 ký tự.
... A25: Website Demo | B25: https://opensource-demo.orangehrmlive.com/ | C25: Giao diện thực tế môi trường kiểm thử OrangeHRM OS 5.9 | D25: Add Employee: chuỗi biên, ID, ảnh và validation | E25: Sau case, xóa riêng nhân viên đã tạo sau khi giữ bằng chứng. | F25: Giá trị nêu riêng trong TC được ưu tiên.
A26: LEAVE_CONFIG - Leave Types | B26: https://github.com/orangehrm/orangehrm/blob/v5.9/src/client/src/orangehrmLeavePlugin/pages/leaveType/SaveLeaveType.vue | C26: Tên bắt buộc, giới hạn độ dài 50 ký tự, kiểm tra trùng lặp và tính chất Situational
A27: LEAVE_CONFIG - Entitlements | B27: https://github.com/orangehrm/orangehrm/blob/v5.9/src/client/src/orangehrmLeavePlugin/pages/entitlement/AddEntitlement.vue | C27: Cấp hạn mức cá nhân/hàng loạt, autocomplete nhân viên, định dạng số thập phân
A28: LEAVE_SELF - Apply Leave | B28: https://github.com/orangehrm/orangehrm/blob/v5.9/src/client/src/orangehrmLeavePlugin/pages/apply/ApplyLeave.vue | C28: Chọn loại phép, tính toán Leave Balance, kiểm tra khoảng ngày, giới hạn Comments và lỗi Overlapping Request
A29: LEAVE_SELF / ADMIN - Leave List | B29: https://github.com/orangehrm/orangehrm/blob/v5.9/src/client/src/orangehrmLeavePlugin/pages/leave/LeaveList.vue | C29: Bộ lọc tìm kiếm đa điều kiện, chuyển trạng thái Pending Approval -> Scheduled / Rejected / Cancelled, thao tác hàng loạt
A30: Validation Rules | B30: https://github.com/orangehrm/orangehrm/blob/v5.9/src/client/src/core/util/validation/rules.ts | C30: Quy tắc kiểm tra dữ liệu: bắt buộc (required), kiểm tra ngày hợp lệ, ngày kết thúc sau ngày bắt đầu, khoảng trắng

Sheet Automation Plan
A2: AUTOMATION PLAN
A4: No. | B4: Giai đoạn | C4: Công việc | D4: Assertion / bằng chứng | E4: Phạm vi / điều kiện | F4: Trạng thái
A5: 1 | B5: Chuẩn bị môi trường | C5: Xác nhận URL demo, phiên bản OrangeHRM OS 5.9, đăng nhập Admin; thiết lập tiền tố chạy G01T01; ghi nhận browser và version. | D5: Mở được phân hệ Leave; có quyền thêm Leave Type, Entitlement và duyệt đơn. | E5: Không sử dụng thông tin cá nhân thật. | F5: Chưa thực hiện
A6: 2 | B6: Chuẩn bị test data | C6: Tạo nhân viên F_EMP, tạo Leave Type F_TYPE, nạp hạn mức F_ENTITLE (20 ngày), chuẩn bị các đơn mẫu Pending và Scheduled. | D6: Đối chiếu Employee ID, Leave Type name, số dư Leave Balance trên UI. | E6: Kiểm tra không bị trùng tên trước khi chạy. | F6: Chưa thực hiện
A7: 3 | B7: Smoke / khả thi | C7: Viết kịch bản tự động hóa smoke: tạo 1 Leave Type mới và nộp 1 đơn xin nghỉ phép hợp lệ; chạy kiểm tra với Playwright. | D7: Assertion dữ liệu lưu đúng sau khi tải lại trang; không chỉ dựa vào thao tác click/fill hoàn tất. | E7: Chạy thử nghiệm trên Chromium headless và headed. | F7: Chưa thực hiện
A8: 4 | B8: Tổ chức suite | C8: Tạo 3 test suite: leave_config.spec.ts, leave_self.spec.ts, leave_admin.spec.ts theo mã chức năng và ID workbook. Tách biệt setup và teardown. | D8: Mỗi test case độc lập, có thể chạy riêng lẻ mà không bị phụ thuộc thứ tự chạy của case trước. | E8: Không lấy dữ liệu đầu ra ngầm của test case trước làm tiền điều kiện. | F8: Chưa thực hiện
A9: 5 | B9: Ưu tiên P1 | C9: Tự động hóa các ca kiểm thử P1: Validation bắt buộc, thêm Leave Type, cấp Entitlement, Apply Leave hợp lệ, Approve và Reject đơn. | D9: expect(locator).toBeVisible(), expect(locator).toHaveText() tại các thông báo lỗi và giá trị hiển thị. | E9: Sử dụng data-driven qua file JSON/CSV cho các bộ dữ liệu tương đương. | F9: Chưa thực hiện
A10: 6 | B10: Ưu tiên P2 | C10: Tự động hóa các ca kiểm thử P2: Biên độ dài tên/comments, lọc đa trạng thái, phân trang, sắp xếp và thao tác hàng loạt (Bulk actions). | D10: Kiểm tra số lượng bản ghi hiển thị, thứ tự sắp xếp theo ngày và cập nhật trạng thái đồng loạt. | E10: Nếu thao tác autocomplete hoặc date picker không ổn định, tối ưu locator hoặc kiểm thử thủ công có ghi chú. | F10: Chưa thực hiện
A11: 7 | B11: Locator và đồng bộ | C11: Ưu tiên locator theo role, label, text (getByRole, getByLabel); sử dụng auto-wait của Playwright; tránh dùng XPath tuyệt đối hoặc hard sleep. | D11: Đúng nút Save của từng form; đúng nút hành động tại từng dòng bản ghi trong bảng. | E11: Đảm bảo test script chạy ổn định trên mạng chậm. | F11: Chưa thực hiện
A12: 8 | B12: Chạy và ghi kết quả | C12: Thực thi smoke suite, sau đó chạy toàn bộ test suite. Xuất báo cáo HTML report, lưu trace, screenshot và log khi có ca kiểm thử thất bại. | D12: So sánh actual result với expected output. Nếu Failed, phân loại rõ lỗi script, lỗi môi trường hay lỗi ứng dụng. | E12: Chưa có số liệu thời gian hay tỷ lệ pass thực tế trước khi thực thi. | F12: Chưa thực hiện
A13: 9 | B13: Dọn dẹp và regression | C13: Dọn dẹp và khôi phục fixture sau từng ca kiểm thử; xóa các Leave Type và dữ liệu do nhóm tạo ra sau khi đã lưu đầy đủ bằng chứng. | D13: Không xóa hoặc làm ảnh hưởng đến dữ liệu của các nhóm khác trên môi trường demo dùng chung. | E13: Môi trường demo có thể bị reset; thực hiện kiểm tra lại sau khi reset. | F13: Chưa thực hiện
A14: 10 | B14: Review và Git | C14: Tự review 75 test cases; commit file Excel cá nhân vào nhánh riêng (thanh/asm6-leave); tạo Pull Request vào nhánh dev để nhóm trưởng review. | D14: File Excel đúng tên quy chuẩn; ảnh bằng chứng push/merge trung thực; nhóm trưởng tổng hợp vào bản chung sau review. | E14: Không đánh dấu Passed cho những test case chưa thực thi thực tế. | F14: Chưa thực hiện
A17: Playwright là lựa chọn cá nhân của Cao Tiến Thành cho phân hệ Leave. Các thành viên khác tự chọn công cụ phù hợp. P1/P2 là mức ưu tiên triển khai, không phải kết quả chạy. Chưa triển khai automation scripts.

Sheet Test Report
B1: TEST REPORT
B3: Project Name | D3: ='Cover'!C4
B4: Document Code | D4: ='Cover'!C6
B5: Run ID / Date
B6: Browser / Version
B9: No. | C9: Module Code | D9: Passed | E9: Failed | F9: Untested | G9: Blocked | H9: Skipped | I9: Total
B10: 1 | C10: LEAVE_CONFIG | D10: ='LEAVE_CONFIG'!A6 | E10: ='LEAVE_CONFIG'!B6 | F10: ='LEAVE_CONFIG'!C6 | G10: ='LEAVE_CONFIG'!D6 | H10: ='LEAVE_CONFIG'!E6 | I10: ='LEAVE_CONFIG'!F6
B11: 2 | C11: LEAVE_SELF | D11: ='LEAVE_SELF'!A6 | E11: ='LEAVE_SELF'!B6 | F11: ='LEAVE_SELF'!C6 | G11: ='LEAVE_SELF'!D6 | H11: ='LEAVE_SELF'!E6 | I11: ='LEAVE_SELF'!F6
B12: 3 | C12: LEAVE_ADMIN | D12: ='LEAVE_ADMIN'!A6 | E12: ='LEAVE_ADMIN'!B6 | F12: ='LEAVE_ADMIN'!C6 | G12: ='LEAVE_ADMIN'!D6 | H12: ='LEAVE_ADMIN'!E6 | I12: ='LEAVE_ADMIN'!F6
B14: Total | D14: =SUM(D10:D12) | E14: =SUM(E10:E12) | F14: =SUM(F10:F12) | G14: =SUM(G10:G12) | H14: =SUM(H10:H12) | I14: =SUM(I10:I12)
B17: Execution coverage | E17: =IF(I14=0,"",(D14+E14)/I14)
B18: Pass rate (executed only) | E18: =IF(D14+E14=0,"Chưa thực thi",D14/(D14+E14))
B20: Execution coverage = (Passed + Failed) / Total. Pass rate = Passed / (Passed + Failed). Blocked và Skipped không được tính là đã thực thi.
B22: Sau run, điền actual result, Defect ID (nếu có), ảnh/log và ngày thực chạy tại sheet test case. Các tổng hợp tự cập nhật từ cột Result.
