Workbook

Sheet Cover
B2: TEST CASE
B4: Project Name | C4: OrangeHRM Recruitment | F4: Creator | G4: Nguyễn Văn Thắng
B5: Project Code | C5: Group01_OrangeHRM | F5: Reviewer / Approver | G5: Giảng viên Trần Thị Thanh Nga
B6: Document Code | C6: Group01_23130299_NguyenVanThang | F6: Issue Date | G6: 46313
F7: Version | G7: 1.0
B10: Record of change
B11: Effective Date | C11: Version | D11: Change Item | E11: A, D, M | F11: Change description | G11: Reference
B12: 46313 | C12: 1.0 | D12: Recruitment test design | E12: A | F12: 75 case / 3 chức năng + Automation Plan | G12: ASM06 – Group01
B13: 46318 | C13: 1.1 | D13: RECRUIT_VAC Automation | E13: M | F13: Triển khai 25 test case bằng Katalon Studio 11.6; kết quả 23 Passed, 2 Error; bổ sung Test Report và Screenshot Evidence | G13: ASM06 – Group01
B14: 46325 | C14: 1.2 | D14: RECRUIT_CAND RECRUIT_FLOW Automation | E14: M | F14: Triển khai 50 test case bằng Katalon Studio 11.6; kết quả 1 Pass, 24 Fail, 25 Skipped; bổ sung Test Report và Screenshot Evidence | G14: ASM06 – Group01
B16: Student ID | C16: 23130299
B17: Group | C17: Group01
B18: Role | C18: Thành viên
B19: Website | C19: https://opensource-demo.orangehrmlive.com/
B20: Automation tool | C20: Katalon Studio – Recruitment của Nguyễn Văn Thắng
B21: Scope | C21: RECR_VAC, RECR_CAND, RECR_FLOW

Sheet Test case List
B2: TEST CASE LIST
B4: Project Name | D4: =Cover!C4 -> OrangeHRM Recruitment
B5: Project Code | D5: =Cover!C5 -> Group01_OrangeHRM
B6: Test Environment | D6: OrangeHRM Open Source Demo; quyền Admin/Recruitment; Katalon Studio. Phiên bản Studio: Đã xác minh.
B8: No. | C8: Function Name | D8: Sheet Name | E8: Description | F8: Pre-condition
B9: 1 | C9: Vacancies | D9: RECRUIT_VAC | E9: Tạo vacancy, validation số lượng, Active/Publish, bộ lọc, sửa và hủy. | F9: Admin/Recruitment; JOB_A, MANAGER_A/B đang hiệu lực; tên fixture riêng.
B10: 2 | C10: Candidates | D10: RECRUIT_CAND | E10: Tạo hồ sơ, email/contact, CV, bộ lọc, sửa và đối chiếu dữ liệu. | F10: VAC_A tồn tại, CV test chuẩn bị trước, email example.com.
B11: 3 | C11: Candidate Workflow & Interviews | D11: RECRUIT_FLOW | E11: Shortlist/Reject, Schedule Interview, interviewer, nút hành động, Candidate History. | F11: Mỗi nhánh có candidate riêng đúng trạng thái; interviewers còn hiệu lực.

Sheet TestDesign
A1: Req Level 1 | B1: Req Level 2 | C1: Req Level 3 | D1: Test Criteria | E1: Test Type | F1: Note
A2: RECRUIT_VAC | B2: Vacancies | C2: Tạo và bắt buộc | D2: Tạo tối thiểu/đầy đủ; kiểm tra Job Title, Vacancy Name, Hiring Manager; tên chỉ có whitespace và autocomplete. | E2: Phân vùng tương đương / Autocomplete | F2: Kiểm thử tạo Vacancy với 7 trường hợp đầu tiên (Create_01–07), bao gồm các điều kiện nhập liệu và xác thực biểu mẫu.
A3: RECRUIT_VAC | B3: Vacancies | C3: Số vị trí tuyển | D3: Biên 0 và 1, số âm và dữ liệu không phải số; điều kiện cần xác nhận theo demo. | E3: Phân tích giá trị biên | F3: Kiểm thử các trường hợp tạo Vacancy tiếp theo (Create_08–11), tập trung vào kiểm tra dữ liệu đầu vào.
A4: RECRUIT_VAC | B4: Vacancies | C4: Active / Publish | D4: Phối hợp hai checkbox và lưu trạng thái qua các lần sửa. | E4: Chuyển trạng thái | F4: Kiểm thử các trường hợp tạo Vacancy (Create_12–14) và cập nhật Vacancy (Update_01).
A5: RECRUIT_VAC | B5: Vacancies | C5: Lọc / Reset danh sách | D5: Job Title, manager, name, AND 2 điều kiện, không có kết quả và Reset. | E5: Bảng quyết định / Phân vùng tương đương | F5: Kiểm thử tìm kiếm (Search_01–03), lọc (Filter_01–02) và đặt lại bộ lọc Vacancy (Reset_01).
A6: RECRUIT_VAC | B6: Vacancies | C6: Sửa / hủy | D6: Thay mô tả, số lượng, manager; Cancel tạo/sửa; đảm bảo baseline không đổi. | E6: Chuyển trạng thái | F6: Kiểm thử cập nhật Vacancy (Update_02–03), hủy tạo mới (CancelCreate_01) và hủy chỉnh sửa (CancelUpdate_01).
A7: RECRUIT_CAND | B7: Candidates | C7: Tạo hồ sơ & required | D7: Tên, email, vacancy, consent; 3 trường bắt buộc và dữ liệu tối thiểu/đầy đủ. | E7: Phân vùng tương đương | F7: Kiểm thử thêm Candidate với 7 trường hợp đầu tiên (Create_01–07), bao gồm nhập thông tin và xác thực dữ liệu.
A8: RECRUIT_CAND | B8: Candidates | C8: Email / contact | D8: Email hợp lệ/invalid; contact có và không hợp lệ; giữ số 0 đầu. | E8: Phân vùng tương đương | F8: Kiểm thử các trường hợp thêm Candidate tiếp theo (Create_08–12), tập trung vào kiểm tra dữ liệu đầu vào.
A9: RECRUIT_CAND | B9: Candidates | C9: CV & file upload | D9: PDF, DOCX, EXE, quá giới hạn và thao tác Cancel. | E9: Giá trị biên / Chuyển trạng thái | F9: Kiểm thử tải lên CV với 5 trường hợp (UploadCV_01–05), bao gồm các điều kiện kiểm tra tệp.
A10: RECRUIT_CAND | B10: Candidates | C10: Lọc ứng viên / Reset | D10: Vacancy, Candidate Name, Keywords, Date Range với AND, Reset. | E10: Bảng quyết định / Phân vùng tương đương | F10: Kiểm thử lọc Candidate (Filter_01–03), tìm kiếm (Search_01) và đặt lại bộ lọc (Reset_01).
A11: RECRUIT_CAND | B11: Candidates | C11: Sửa & dữ liệu lưu | D11: Keywords/Notes, Cancel edit, đối chiếu hồ sơ sau reload. | E11: Chuyển trạng thái | F11: Kiểm thử cập nhật Candidate (Update_01), hủy chỉnh sửa (CancelUpdate_01) và xác minh thông tin chi tiết (VerifyDetails_01).
A12: RECRUIT_FLOW | B12: Candidate Workflow & Interviews | C12: Khởi tạo, shortlist, reject | D12: Application Initiated→Shortlisted/Rejected; Reject từ Shortlisted; hủy Shortlist. | E12: Chuyển trạng thái | F12: Kiểm thử trạng thái Candidate (Status_01), Shortlist, Reject (Reject_01–02) và hủy Shortlist.
... A16: RECRUIT_FLOW | B16: Candidate Workflow & Interviews | C16: Detail / Candidate History | D16: Đối chiếu thông tin hồ sơ và chuỗi event khởi tạo/shortlist/reject/schedule. | E16: Chuyển trạng thái | F16: Kiểm thử thông tin chi tiết Candidate (VerifyDetails_01) và lịch sử xử lý hồ sơ (History_01–04).

Sheet RECRUIT_VAC
A2: Module Code | B2: RECRUIT_VAC
A3: Test requirement | B3: Vacancies
A4: Tester | B4: Nguyễn Văn Thắng – 23130299
A5: Passed | B5: Failed | C5: Untested | D5: Blocked | E5: Skipped | F5: Number of Test cases
A6: =COUNTIF($F$9:$F$33,"Passed") -> 23 | B6: =COUNTIF($F$9:$F$33,"Failed") -> 2 | C6: =COUNTIF($F$9:$F$33,"Untested") -> 0 | D6: =COUNTIF($F$9:$F$33,"Blocked") -> 0 | E6: =COUNTIF($F$9:$F$33,"Skipped") -> 0 | F6: =COUNTA(A9:A33) -> 25
A8: ID | B8: Test Case Description | C8: Test Case Procedure | D8: Expected Output | E8: Inter-test case Dependence | F8: Result | G8: Test date | H8: Note
A9: RECRUIT_VAC_Create_01 | B9: Tạo vacancy với các trường bắt buộc | C9: Tiền điều kiện: Đã đăng nhập Admin/Recruitment; có QA Engineer, NVThangA101 hợp lệ; dữ liệu khác biệt theo RUN_ID. Input: Name=VAC_RUN01; Job Title=QA Engineer; Hiring Manager=NVThangA101; Positions=1 1. Vào Recruitment > Vacancies > Add. 2. Điền tên, chọn QA Engineer, chọn NVThangA101 qua suggestion; Positions=1. 3. Save, tìm VAC_RUN01 và mở lại. Kết thúc: khôi phục / dọn dẹp fixture theo Test Data; không dùng bản ghi của người khác. | D9: Lưu thành công; hiển thị đúng tên, Job Title, Hiring Manager, Positions=1. | E9: Không phụ thuộc test case khác; fixture được thiết lập trước case và khôi phục sau case. | F9: Passed | G9: 46318 | H9: TD_RECRUIT_VAC_01 Positive; Phân vùng tương đương Automation: P1 Run 20261023_115454: PASSED theo execution report. Ảnh: RECRUIT_VAC_Create_01\20261023_115501_970
A10: RECRUIT_VAC_Create_02 | B10: Tạo vacancy với đủ thông tin | C10: Tiền điều kiện: Đã đăng nhập Admin/Recruitment; có QA Engineer, NVThangA101 hợp lệ; dữ liệu khác biệt theo RUN_ID. Input: Name=VAC_RUN02; QA Engineer; NVThangA101; Positions=3; Description=QA automation; Active=On; Publish=On 1. Mở Add Vacancy. 2. Điền tất cả các trường và bật hai checkbox. 3. Save; tìm lại VAC_RUN02, mở edit. Kết thúc: khôi phục / dọn dẹp fixture theo Test Data; không dùng bản ghi của người khác. | D10: Tên, mô tả, số lượng, manager, Active và Publish giữ đúng giá trị đã lưu. | E10: Không phụ thuộc test case khác; fixture được thiết lập trước case và khôi phục sau case. | F10: Passed | G10: 46318 | H10: TD_RECRUIT_VAC_01 Positive; Phân vùng tương đương Automation: P1 Run 20261023_115454: PASSED theo execution report. Ảnh: RECRUIT_VAC_Create_02\20261023_115554_453
A11: RECRUIT_VAC_Create_03 | B11: Không chọn Job Title | C11: Tiền điều kiện: Đã đăng nhập Admin/Recruitment; có QA Engineer, NVThangA101 hợp lệ; dữ liệu khác biệt theo RUN_ID. Input: Name=VAC_RUN03; Job Title trống; Manager=NVThangA101 1. Mở Add Vacancy; điền tên, manager và để Job Title rỗng. 2. Bấm Save; kiểm tra lỗi và tìm tên. Kết thúc: khôi phục / dọn dẹp fixture theo Test Data; không dùng bản ghi của người khác. | D11: Job Title hiện Required; VAC_RUN03 không được tạo. | E11: Không phụ thuộc test case khác; fixture được thiết lập trước case và khôi phục sau case. | F11: Passed | G11: 46318 | H11: TD_RECRUIT_VAC_01 Negative; Phân vùng tương đương Automation: P1 Run 20261023_115454: PASSED theo execution report. Ảnh: RECRUIT_VAC_Create_03\20261023_115632_409
A12: RECRUIT_VAC_Create_04 | B12: Để trống Vacancy Name | C12: Tiền điều kiện: Đã đăng nhập Admin/Recruitment; có QA Engineer, NVThangA101 hợp lệ; dữ liệu khác biệt theo RUN_ID. Input: Name rỗng; QA Engineer; NVThangA101 1. Mở Add Vacancy; chọn QA Engineer, NVThangA101 và để trống Name. 2. Bấm Save; quan sát validation. Kết thúc: khôi phục / dọn dẹp fixture theo Test Data; không dùng bản ghi của người khác. | D12: Vacancy Name hiện Required; không tạo vacancy. | E12: Không phụ thuộc test case khác; fixture được thiết lập trước case và khôi phục sau case. | F12: Passed | G12: 46318 | H12: TD_RECRUIT_VAC_01 Negative; Phân vùng tương đương Automation: P1 Run 20261023_115454: PASSED theo execution report. Ảnh: RECRUIT_VAC_Create_04\20261023_115648_301
A13: RECRUIT_VAC_Create_05 | B13: Không chọn Hiring Manager | C13: Tiền điều kiện: Đã đăng nhập Admin/Recruitment; có QA Engineer, NVThangA101 hợp lệ; dữ liệu khác biệt theo RUN_ID. Input: Name=VAC_RUN05; QA Engineer; Manager trống 1. Mở Add Vacancy; điền Name và QA Engineer nhưng không chọn Manager. 2. Bấm Save; kiểm tra lỗi. Kết thúc: khôi phục / dọn dẹp fixture theo Test Data; không dùng bản ghi của người khác. | D13: Hiring Manager hiện Required; không lưu. | E13: Không phụ thuộc test case khác; fixture được thiết lập trước case và khôi phục sau case. | F13: Passed | G13: 46318 | H13: TD_RECRUIT_VAC_01 Negative; Phân vùng tương đương Automation: P1 Run 20261023_115454: PASSED theo execution report. Ảnh: RECRUIT_VAC_Create_05\20261023_115705_926
A14: RECRUIT_VAC_Create_06 | B14: Tên vacancy chỉ có khoảng trắng | C14: Tiền điều kiện: Đã đăng nhập Admin/Recruitment; có QA Engineer, NVThangA101 hợp lệ; dữ liệu khác biệt theo RUN_ID. Input: Name=' '; QA Engineer; NVThangA101 1. Mở Add Vacancy; nhập 3 dấu cách tại Name. 2. Bấm Save, tìm bản ghi nếu cần. Kết thúc: khôi phục / dọn dẹp fixture theo Test Data; không dùng bản ghi của người khác. | D14: Không tạo được vacancy chỉ có khoảng trắng; có lỗi bắt buộc/không hợp lệ. | E14: Không phụ thuộc test case khác; fixture được thiết lập trước case và khôi phục sau case. | F14: Passed | G14: 46318 | H14: TD_RECRUIT_VAC_01 Negative; Phân vùng tương đương Automation: P1 Cần kiểm tra UI: Xác nhận trim trên demo trước khi cố định expected. Run 20261023_115454: PASSED theo execution report. Ảnh: RECRUIT_VAC_Create_06\20261023_115719_740
A15: RECRUIT_VAC_Create_07 | B15: Hiring Manager từ autocomplete | C15: Tiền điều kiện: Đã đăng nhập Admin/Recruitment; có QA Engineer, NVThangA101 hợp lệ; dữ liệu khác biệt theo RUN_ID. Input: Name=VAC_RUN07; gõ tiền tố NVThangA101, chọn suggestion chính xác 1. Mở Add Vacancy, điền Name và QA Engineer. 2. Gõ một phần NVThangA101, chọn đúng suggestion; Save. 3. Mở lại bản ghi. Kết thúc: khôi phục / dọn dẹp fixture theo Test Data; không dùng bản ghi của người khác. | D15: Lưu đúng nhân viên từ suggestion, không phải chuỗi tên tự do. | E15: Không phụ thuộc test case khác; fixture được thiết lập trước case và khôi phục sau case. | F15: Passed | G15: 46318 | H15: TD_RECRUIT_VAC_01 Positive; Phân vùng tương đương / Autocomplete Automation: P1 Run 20261023_115454: PASSED theo execution report. Ảnh: RECRUIT_VAC_Create_07\20261023_115737_960
A16: RECRUIT_VAC_Create_08 | B16: Số vị trí tuyển bằng 1 | C16: Tiền điều kiện: Đã đăng nhập Admin/Recruitment; có QA Engineer, NVThangA101 hợp lệ; dữ liệu khác biệt theo RUN_ID. Input: Name=VAC_RUN08; Positions=1 1. Mở Add, nhập đủ trường và Positions=1. 2. Save rồi mở lại. Kết thúc: khôi phục / dọn dẹp fixture theo Test Data; không dùng bản ghi của người khác. | D16: Chấp nhận giá trị 1; Positions=1 sau reload. | E16: Không phụ thuộc test case khác; fixture được thiết lập trước case và khôi phục sau case. | F16: Passed | G16: 46318 | H16: TD_RECRUIT_VAC_02 Positive; Phân tích giá trị biên Automation: P1 Run 20261023_115454: PASSED theo execution report. Ảnh: RECRUIT_VAC_Create_08\20261023_115805_408
A17: RECRUIT_VAC_Create_09 | B17: Số vị trí tuyển bằng 0 | C17: Tiền điều kiện: Đã đăng nhập Admin/Recruitment; có QA Engineer, NVThangA101 hợp lệ; dữ liệu khác biệt theo RUN_ID. Input: Name=VAC_RUN09; Positions=0 1. Mở Add, nhập đủ trường và Positions=0. 2. Save; xem validation và kiểm tra danh sách. Kết thúc: khôi phục / dọn dẹp fixture theo Test Data; không dùng bản ghi của người khác. | D17: Không chấp nhận 0 nếu quy tắc số lượng phải dương; không tạo VAC_RUN09. | E17: Không phụ thuộc test case khác; fixture được thiết lập trước case và khôi phục sau case. | F17: Passed | G17: 46318 | H17: TD_RECRUIT_VAC_02 Negative; Phân tích giá trị biên Automation: P1 Cần kiểm tra UI: Kiểm tra giới hạn số lượng của bản demo; cập nhật nếu 0 được phép. Run 20261023_115454: PASSED theo execution report. Ảnh: RECRUIT_VAC_Create_09\20261023_115832_715
A18: RECRUIT_VAC_Create_10 | B18: Số vị trí tuyển âm | C18: Tiền điều kiện: Đã đăng nhập Admin/Recruitment; có QA Engineer, NVThangA101 hợp lệ; dữ liệu khác biệt theo RUN_ID. Input: Name=VAC_RUN10; Positions=-1 1. Mở Add, nhập đủ trường và -1 vào Positions. 2. Save; quan sát lỗi. Kết thúc: khôi phục / dọn dẹp fixture theo Test Data; không dùng bản ghi của người khác. | D18: Không lưu số âm; UI chặn hoặc hiển thị lỗi. | E18: Không phụ thuộc test case khác; fixture được thiết lập trước case và khôi phục sau case. | F18: Passed | G18: 46318 | H18: TD_RECRUIT_VAC_02 Negative; Phân tích giá trị biên Automation: P1 Cần kiểm tra UI: Xác nhận có ràng buộc >=1. Run 20261023_115454: PASSED theo execution report. Ảnh: RECRUIT_VAC_Create_10\20261023_115853_350
A19: RECRUIT_VAC_Create_11 | B19: Số vị trí tuyển không phải số | C19: Tiền điều kiện: Đã đăng nhập Admin/Recruitment; có QA Engineer, NVThangA101 hợp lệ; dữ liệu khác biệt theo RUN_ID. Input: Name=VAC_RUN11; Positions='abc' 1. Mở Add, điền Name/QA Engineer/NVThangA101. 2. Nhập hoặc paste 'abc' vào Positions; Save. Kết thúc: khôi phục / dọn dẹp fixture theo Test Data; không dùng bản ghi của người khác. | D19: Chỉ chấp nhận số; chuỗi 'abc' bị chặn hoặc báo Invalid; không lưu 'abc'. | E19: Không phụ thuộc test case khác; fixture được thiết lập trước case và khôi phục sau case. | F19: Passed | G19: 46318 | H19: TD_RECRUIT_VAC_02 Negative; Phân tích giá trị biên Automation: P1 Run 20261023_115454: PASSED theo execution report. Ảnh: RECRUIT_VAC_Create_11\20261023_115923_537
A20: RECRUIT_VAC_Create_12 | B20: Lưu vacancy Active | C20: Tiền điều kiện: Đã đăng nhập Admin/Recruitment; có QA Engineer, NVThangA101 hợp lệ; dữ liệu khác biệt theo RUN_ID. Input: Name=VAC_RUN12; Active=On; Publish=Off 1. Mở Add, điền đủ trường. 2. Bật Active, tắt Publish; Save; mở lại. Kết thúc: khôi phục / dọn dẹp fixture theo Test Data; không dùng bản ghi của người khác. | D20: Active bật và Publish tắt sau reload. | E20: Không phụ thuộc test case khác; fixture được thiết lập trước case và khôi phục sau case. | F20: Passed | G20: 46318 | H20: TD_RECRUIT_VAC_03 Positive; Chuyển trạng thái Automation: P1 Run 20261023_115454: PASSED theo execution report. Ảnh: RECRUIT_VAC_Create_12\20261023_115952_922
... A33: RECRUIT_VAC_CancelUpdate_01 | B33: Hủy sửa vacancy giữ dữ liệu cũ | C33: Tiền điều kiện: Đã đăng nhập Admin/Recruitment; có QA Engineer, NVThangA101 hợp lệ; dữ liệu khác biệt theo RUN_ID. Input: VAC_EDIT; Name tạm='VAC_UNSAVED_RUN' 1. Ghi baseline; mở edit và đổi Name. 2. Nhấn Cancel trước Save. 3. Mở lại VAC_EDIT. Kết thúc: khôi phục / dọn dẹp fixture theo Test Data; không dùng bản ghi của người khác. | D33: Name và trường khác vẫn đúng baseline; không xuất hiện tên tạm. | E33: Không phụ thuộc test case khác; fixture được thiết lập trước case và khôi phục sau case. | F33: Passed | G33: 46318 | H33: TD_RECRUIT_VAC_05 Positive; Chuyển trạng thái Automation: P1 Run 20261023_115454: PASSED theo execution report. Ảnh: RECRUIT_VAC_CancelUpdate_01\20261023_121027_749

Sheet RECRUIT_CAND
A2: Module Code | B2: RECRUIT_CAND
A3: Test requirement | B3: Candidates
A4: Tester | B4: Nguyễn Văn Thắng – 23130299
A5: Passed | B5: Failed | C5: Untested | D5: Blocked | E5: Skipped | F5: Number of Test cases
A6: =COUNTIF($F$9:$F$33,"Passed") -> 0 | B6: =COUNTIF($F$9:$F$33,"Failed") -> 1 | C6: =COUNTIF($F$9:$F$33,"Untested") -> 0 | D6: =COUNTIF($F$9:$F$33,"Blocked") -> 0 | E6: =COUNTIF($F$9:$F$33,"Skipped") -> 24 | F6: =COUNTA(A9:A33) -> 25
A8: ID | B8: Test Case Description | C8: Test Case Procedure | D8: Expected Output | E8: Inter-test case Dependence | F8: Result | G8: Test date | H8: Note
A9: RECRUIT_CAND_Create_01 | B9: Tạo ứng viên tối thiểu | C9: Tiền điều kiện: Đã đăng nhập Admin/Recruitment; có VAC_A đang hiệu lực; email example.com và fixture hồ sơ riêng theo RUN_ID. Input: First=An; Last=NguyenRUN01; Email=an.run01@example.com; Vacancy=VAC_A 1. Vào Recruitment > Candidates > Add. 2. Nhập First, Last, Email và chọn VAC_A. 3. Save và ghi lại Candidate ID; mở lại hồ sơ để xác minh dữ liệu đã lưu. 4. Trở lại Candidates; tìm bằng Candidate Name, chọn đúng gợi ý, Search, mở đúng hồ sơ theo fixture/ID và đối chiếu Email với input (không tìm theo Email ở bộ lọc list). Kết thúc: khôi phục / dọn dẹp fixture theo Test Data; không dùng bản ghi của người khác. | D9: Tạo được ứng viên; tên, email và vacancy đúng input. | E9: Không phụ thuộc test case khác; fixture được thiết lập trước case và khôi phục sau case. | F9: Skipped | G9: 46325 | H9: TD_RECRUIT_CAND_01 Positive; Phân vùng tương đương Automation: P1
A10: RECRUIT_CAND_Create_02 | B10: Tạo ứng viên với thông tin đầy đủ | C10: Tiền điều kiện: Đã đăng nhập Admin/Recruitment; có VAC_A đang hiệu lực; email example.com và fixture hồ sơ riêng theo RUN_ID. Input: First=Minh; Middle=Quang; Last=TranRUN02; Email=minh.run02@example.com; Phone=0900000002; Keywords=java,qa; Notes=demo; VAC_A 1. Mở Add Candidate; nhập đủ dữ liệu và chọn VAC_A. 2. Ghi nhận trạng thái checkbox Consent to keep data (không phải trường bắt buộc); Save. 3. Mở hồ sơ. Kết thúc: khôi phục / dọn dẹp fixture theo Test Data; không dùng bản ghi của người khác. | D10: Lưu đúng tên đầy đủ, email, phone, vacancy, keyword và notes. | E10: Không phụ thuộc test case khác; fixture được thiết lập trước case và khôi phục sau case. | F10: Skipped | G10: 46325 | H10: TD_RECRUIT_CAND_01 Positive; Phân vùng tương đương Automation: P1
A11: RECRUIT_CAND_Create_03 | B11: Bỏ trống First Name | C11: Tiền điều kiện: Đã đăng nhập Admin/Recruitment; có VAC_A đang hiệu lực; email example.com và fixture hồ sơ riêng theo RUN_ID. Input: First rỗng; Last=NguyenRUN03; Email=run03@example.com 1. Mở Add Candidate, nhập Last và Email; First để rỗng. 2. Save. Kết thúc: khôi phục / dọn dẹp fixture theo Test Data; không dùng bản ghi của người khác. | D11: First Name báo Required; hồ sơ không được tạo. | E11: Không phụ thuộc test case khác; fixture được thiết lập trước case và khôi phục sau case. | F11: Skipped | G11: 46325 | H11: TD_RECRUIT_CAND_01 Negative; Phân vùng tương đương Automation: P1
A12: RECRUIT_CAND_Create_04 | B12: Bỏ trống Last Name | C12: Tiền điều kiện: Đã đăng nhập Admin/Recruitment; có VAC_A đang hiệu lực; email example.com và fixture hồ sơ riêng theo RUN_ID. Input: First=An; Last rỗng; Email=run04@example.com 1. Mở Add Candidate, nhập First/Email; Last để rỗng. 2. Save. Kết thúc: khôi phục / dọn dẹp fixture theo Test Data; không dùng bản ghi của người khác. | D12: Last Name báo Required; hồ sơ không được tạo. | E12: Không phụ thuộc test case khác; fixture được thiết lập trước case và khôi phục sau case. | F12: Skipped | G12: 46325 | H12: TD_RECRUIT_CAND_01 Negative; Phân vùng tương đương Automation: P1
A13: RECRUIT_CAND_Create_05 | B13: Bỏ trống Email | C13: Tiền điều kiện: Đã đăng nhập Admin/Recruitment; có VAC_A đang hiệu lực; email example.com và fixture hồ sơ riêng theo RUN_ID. Input: First=An; Last=NguyenRUN05; Email rỗng 1. Mở Add Candidate, nhập First/Last, xóa Email. 2. Save. Kết thúc: khôi phục / dọn dẹp fixture theo Test Data; không dùng bản ghi của người khác. | D13: Email báo Required; hồ sơ không được tạo. | E13: Không phụ thuộc test case khác; fixture được thiết lập trước case và khôi phục sau case. | F13: Skipped | G13: 46325 | H13: TD_RECRUIT_CAND_01 Negative; Phân vùng tương đương Automation: P1
A14: RECRUIT_CAND_Create_06 | B14: Không chọn Vacancy tùy chọn | C14: Tiền điều kiện: Đã đăng nhập Admin/Recruitment; có VAC_A đang hiệu lực; email example.com và fixture hồ sơ riêng theo RUN_ID. Input: First=An; Last=NguyenRUN06; Email=run06@example.com; Vacancy rỗng 1. Mở Add Candidate, điền First/Last/Email. 2. Để trống Vacancy (không có rule Required trong Add Candidate); Save; mở lại hồ sơ nếu server chấp nhận. Kết thúc: khôi phục / dọn dẹp fixture theo Test Data; không dùng bản ghi của người khác. | D14: Trường Vacancy không báo Required ở frontend; nếu server lưu thành công, hồ sơ mở lại có Vacancy trống. Ghi nhận riêng kết quả backend khi chạy thực tế. | E14: Không phụ thuộc test case khác; fixture được thiết lập trước case và khôi phục sau case. | F14: Failed | G14: 46325 | H14: TD_RECRUIT_CAND_01 Positive; Phân vùng tương đương Automation: P1 Đối chiếu app.js: Add Candidate không gán Required cho Vacancy; xác minh lưu với vacancyId=null khi chạy trên demo.
A15: RECRUIT_CAND_Create_07 | B15: Kiểm tra consent khi tạo hồ sơ | C15: Tiền điều kiện: Đã đăng nhập Admin/Recruitment; có VAC_A đang hiệu lực; email example.com và fixture hồ sơ riêng theo RUN_ID. Input: First=An; Last=NguyenRUN07; Email=run07@example.com; Consent=On 1. Mở Add Candidate, nhập thông tin bắt buộc. 2. Bật checkbox Consent to keep data (form Add Candidate thực sự có trường này). 3. Save, mở lại Candidate Profile và đối chiếu trạng thái consent được lưu. Kết thúc: khôi phục / dọn dẹp fixture theo Test Data; không dùng bản ghi của người khác. | D15: Candidate được lưu; Consent to keep data vẫn bật sau khi mở lại hồ sơ đúng Candidate ID. | E15: Không phụ thuộc test case khác; fixture được thiết lập trước case và khôi phục sau case. | F15: Skipped | G15: 46325 | H15: TD_RECRUIT_CAND_01 Positive; Phân vùng tương đương Automation: P1 Đã xác minh trong app.js: checkbox consentToKeepData xuất hiện cả ở Add Candidate và Profile.
A16: RECRUIT_CAND_Create_08 | B16: Email hợp lệ dạng example.com | C16: Tiền điều kiện: Đã đăng nhập Admin/Recruitment; có VAC_A đang hiệu lực; email example.com và fixture hồ sơ riêng theo RUN_ID. Input: Email=quality.run08@example.com 1. Add ứng viên tên riêng hợp lệ với email hợp lệ. 2. Save; lấy Candidate ID, mở lại đúng Profile và xác minh Email bằng giá trị input. 3. Nếu kiểm tra list, tìm bằng Candidate Name + xác minh ID; không dùng Email filter. Kết thúc: khôi phục / dọn dẹp fixture theo Test Data; không dùng bản ghi của người khác. | D16: Email hợp lệ được lưu nguyên vẹn trong Candidate Profile sau khi mở lại đúng Candidate ID; không yêu cầu bộ lọc Email. | E16: Không phụ thuộc test case khác; fixture được thiết lập trước case và khôi phục sau case. | F16: Skipped | G16: 46325 | H16: TD_RECRUIT_CAND_02 Positive; Phân vùng tương đương Automation: P1
A17: RECRUIT_CAND_Create_09 | B17: Email thiếu ký tự @ | C17: Tiền điều kiện: Đã đăng nhập Admin/Recruitment; có VAC_A đang hiệu lực; email example.com và fixture hồ sơ riêng theo RUN_ID. Input: Email=quality.example.com 1. Add ứng viên với First/Last hợp lệ; nhập Email thiếu @. 2. Save. Kết thúc: khôi phục / dọn dẹp fixture theo Test Data; không dùng bản ghi của người khác. | D17: Email báo invalid; không tạo hồ sơ. | E17: Không phụ thuộc test case khác; fixture được thiết lập trước case và khôi phục sau case. | F17: Skipped | G17: 46325 | H17: TD_RECRUIT_CAND_02 Negative; Phân vùng tương đương Automation: P1
A18: RECRUIT_CAND_Create_10 | B18: Email thiếu phần domain | C18: Tiền điều kiện: Đã đăng nhập Admin/Recruitment; có VAC_A đang hiệu lực; email example.com và fixture hồ sơ riêng theo RUN_ID. Input: Email=quality@ 1. Add ứng viên với First/Last hợp lệ; nhập Email=quality@. 2. Save. Kết thúc: khôi phục / dọn dẹp fixture theo Test Data; không dùng bản ghi của người khác. | D18: Email báo invalid; không tạo hồ sơ. | E18: Không phụ thuộc test case khác; fixture được thiết lập trước case và khôi phục sau case. | F18: Skipped | G18: 46325 | H18: TD_RECRUIT_CAND_02 Negative; Phân vùng tương đương Automation: P1
A19: RECRUIT_CAND_Create_11 | B19: Số điện thoại dạng chữ | C19: Tiền điều kiện: Đã đăng nhập Admin/Recruitment; có VAC_A đang hiệu lực; email example.com và fixture hồ sơ riêng theo RUN_ID. Input: Phone='abcXYZ'; Email=run11@example.com 1. Add hồ sơ với tên và email hợp lệ, Phone=abcXYZ. 2. Nhập Phone=abcXYZ, thử Save; xác minh lỗi validation tại Contact Number và không có hồ sơ mới. Kết thúc: khôi phục / dọn dẹp fixture theo Test Data; không dùng bản ghi của người khác. | D19: Contact Number báo lỗi định dạng (chỉ chấp nhận chữ số và + - / ( ) dấu cách); Save không tạo Candidate khi nhập 'abcXYZ'. | E19: Không phụ thuộc test case khác; fixture được thiết lập trước case và khôi phục sau case. | F19: Skipped | G19: 46325 | H19: TD_RECRUIT_CAND_02 Negative; Phân vùng tương đương Automation: P1 Đối chiếu app.js: contactNumber validator /^[0-9+\-/() ]+$/; chữ abcXYZ bị từ chối trước khi Save; xác minh thông báo khi runtime.
A20: RECRUIT_CAND_Create_12 | B20: Số điện thoại hợp lệ | C20: Tiền điều kiện: Đã đăng nhập Admin/Recruitment; có VAC_A đang hiệu lực; email example.com và fixture hồ sơ riêng theo RUN_ID. Input: Phone=0900000012; Email=run12@example.com 1. Add hồ sơ với First/Last/Email; nhập Phone=0900000012. 2. Save, reload. Kết thúc: khôi phục / dọn dẹp fixture theo Test Data; không dùng bản ghi của người khác. | D20: Contact Number giữ đúng '0900000012' và không mất số 0 đầu. | E20: Không phụ thuộc test case khác; fixture được thiết lập trước case và khôi phục sau case. | F20: Skipped | G20: 46325 | H20: TD_RECRUIT_CAND_02 Positive; Phân vùng tương đương Automation: P1
... A33: RECRUIT_CAND_VerifyDetails_01 | B33: Đối chiếu dữ liệu hồ sơ sau tải lại | C33: Tiền điều kiện: Đã đăng nhập Admin/Recruitment; có VAC_A đang hiệu lực; email example.com và fixture hồ sơ riêng theo RUN_ID. Input: CAND_EDIT; First, Last, Email, Contact, Vacancy theo baseline 1. Mở CAND_EDIT; ghi 5 trường baseline. 2. Tải lại; đối chiếu từng trường và danh sách. Kết thúc: khôi phục / dọn dẹp fixture theo Test Data; không dùng bản ghi của người khác. | D33: Chi tiết và dòng danh sách nhất quán; không mất dữ liệu khi reload. | E33: Không phụ thuộc test case khác; fixture được thiết lập trước case và khôi phục sau case. | F33: Skipped | G33: 46325 | H33: TD_RECRUIT_CAND_05 Positive; Phân vùng tương đương Automation: P1

Sheet RECRUIT_FLOW
A2: Module Code | B2: RECRUIT_FLOW
A3: Test requirement | B3: Candidate Workflow & Interviews
A4: Tester | B4: Nguyễn Văn Thắng – 23130299
A5: Passed | B5: Failed | C5: Untested | D5: Blocked | E5: Skipped | F5: Number of Test cases
A6: =COUNTIF($F$9:$F$33,"Passed") -> 1 | B6: =COUNTIF($F$9:$F$33,"Failed") -> 23 | C6: =COUNTIF($F$9:$F$33,"Untested") -> 0 | D6: =COUNTIF($F$9:$F$33,"Blocked") -> 0 | E6: =COUNTIF($F$9:$F$33,"Skipped") -> 1 | F6: =COUNTA(A9:A33) -> 25
A8: ID | B8: Test Case Description | C8: Test Case Procedure | D8: Expected Output | E8: Inter-test case Dependence | F8: Result | G8: Test date | H8: Note
A9: RECRUIT_FLOW_Status_01 | B9: Kiểm tra trạng thái ứng viên mới | C9: Tiền điều kiện: Đã đăng nhập Admin/Recruitment; VAC_A và INTERVIEWER_A/B hiệu lực; ứng viên độc lập đúng trạng thái đầu vào. Input: F_NEW_01; Vacancy=VAC_A; vừa tạo chưa thao tác 1. Tạo F_NEW_01 từ giao diện Candidates. 2. Mở chi tiết và Candidate History. Kết thúc: khôi phục / dọn dẹp fixture theo Test Data; không dùng bản ghi của người khác. | D9: Trạng thái đầu vào là Application Initiated hoặc nhãn khởi tạo tương đương; chưa có sự kiện Shortlist/Reject. | E9: Không phụ thuộc test khác; fixture đúng trạng thái được tạo trong setup. Riêng flow, không dùng candidate đã Rejected cho nhánh Shortlisted. | F9: Passed | G9: 46325 | H9: TD_RECRUIT_FLOW_01 Positive; Phân vùng tương đương Automation: P1
A10: RECRUIT_FLOW_Shortlist_01 | B10: Shortlist ứng viên mới | C10: Tiền điều kiện: Đã đăng nhập Admin/Recruitment; VAC_A và INTERVIEWER_A/B hiệu lực; ứng viên độc lập đúng trạng thái đầu vào. Input: F_NEW_02 có status Application Initiated; Notes='Shortlist RUN' 1. Mở F_NEW_02. 2. Nhấn Shortlist; nhập Notes nếu có; xác nhận Save/Shortlist. 3. Reload. Kết thúc: khôi phục / dọn dẹp fixture theo Test Data; không dùng bản ghi của người khác. | D10: Status chuyển Shortlisted; History ghi sự kiện shortlist đúng ứng viên. | E10: Không phụ thuộc test khác; fixture đúng trạng thái được tạo trong setup. Riêng flow, không dùng candidate đã Rejected cho nhánh Shortlisted. | F10: Failed | G10: 46325 | H10: TD_RECRUIT_FLOW_01 Positive; Chuyển trạng thái Automation: P1
A11: RECRUIT_FLOW_Reject_01 | B11: Reject ứng viên từ trạng thái ban đầu | C11: Tiền điều kiện: Đã đăng nhập Admin/Recruitment; VAC_A và INTERVIEWER_A/B hiệu lực; ứng viên độc lập đúng trạng thái đầu vào. Input: F_NEW_03 Application Initiated; Notes='Reject initial RUN' 1. Mở F_NEW_03. 2. Nhấn Reject để mở trang hành động; điền Notes nếu cần và Save. 3. Reload. Kết thúc: khôi phục / dọn dẹp fixture theo Test Data; không dùng bản ghi của người khác. | D11: Status chuyển Rejected; Candidate History có sự kiện reject. | E11: Không phụ thuộc test khác; fixture đúng trạng thái được tạo trong setup. Riêng flow, không dùng candidate đã Rejected cho nhánh Shortlisted. | F11: Failed | G11: 46325 | H11: TD_RECRUIT_FLOW_01 Positive; Chuyển trạng thái Automation: P1
A12: RECRUIT_FLOW_Reject_02 | B12: Reject ứng viên đã Shortlisted | C12: Tiền điều kiện: Đã đăng nhập Admin/Recruitment; VAC_A và INTERVIEWER_A/B hiệu lực; ứng viên độc lập đúng trạng thái đầu vào. Input: F_SHORT_04 đang Shortlisted; Notes='Reject shortlisted RUN' 1. Mở F_SHORT_04. 2. Nhấn Reject; xác nhận. 3. Reload và xem History. Kết thúc: khôi phục / dọn dẹp fixture theo Test Data; không dùng bản ghi của người khác. | D12: Trạng thái Rejected; lịch sử còn sự kiện shortlist cũ và thêm reject. | E12: Không phụ thuộc test khác; fixture đúng trạng thái được tạo trong setup. Riêng flow, không dùng candidate đã Rejected cho nhánh Shortlisted. | F12: Failed | G12: 46325 | H12: TD_RECRUIT_FLOW_01 Positive; Chuyển trạng thái Automation: P1
A13: RECRUIT_FLOW_CancelShortlist_01 | B13: Hủy thao tác Shortlist trước khi Save | C13: Tiền điều kiện: Đã đăng nhập Admin/Recruitment; VAC_A và INTERVIEWER_A/B hiệu lực; ứng viên độc lập đúng trạng thái đầu vào. Input: F_NEW_05 Application Initiated; Notes='Không được lưu' 1. Mở F_NEW_05; nhấn Shortlist để mở trang thao tác. 2. Điền Notes nếu có; nhấn Cancel trên trang Shortlist trước khi Save. 3. Reload. Kết thúc: khôi phục / dọn dẹp fixture theo Test Data; không dùng bản ghi của người khác. | D13: Status vẫn Application Initiated; History không có sự kiện Shortlist mới. | E13: Không phụ thuộc test khác; fixture đúng trạng thái được tạo trong setup. Riêng flow, không dùng candidate đã Rejected cho nhánh Shortlisted. | F13: Failed | G13: 46325 | H13: TD_RECRUIT_FLOW_01 Positive; Chuyển trạng thái Automation: P1
A14: RECRUIT_FLOW_ScheduleInterview_01 | B14: Đặt lịch phỏng vấn với dữ liệu đầy đủ | C14: Tiền điều kiện: Đã đăng nhập Admin/Recruitment; VAC_A và INTERVIEWER_A/B hiệu lực; ứng viên độc lập đúng trạng thái đầu vào. Input: F_SHORT_06; Title='Interview RUN06'; Interviewer=INT_A; Date=2026-11-10; Time=10:30; Notes='First round' 1. Mở F_SHORT_06 Shortlisted; nhấn Schedule Interview. 2. Điền các trường chính xác và chọn INT_A từ gợi ý. 3. Save; reload Candidate Details. Kết thúc: khôi phục / dọn dẹp fixture theo Test Data; không dùng bản ghi của người khác. | D14: Chuyển sang Interview Scheduled; tiêu đề, người phỏng vấn, ngày 2026-11-10, giờ 10:30 và ghi chú đã lưu. | E14: Không phụ thuộc test khác; fixture đúng trạng thái được tạo trong setup. Riêng flow, không dùng candidate đã Rejected cho nhánh Shortlisted. | F14: Failed | G14: 46325 | H14: TD_RECRUIT_FLOW_02 Positive; Chuyển trạng thái Automation: P1
A15: RECRUIT_FLOW_ScheduleInterview_02 | B15: Bỏ trống Interview Title | C15: Tiền điều kiện: Đã đăng nhập Admin/Recruitment; VAC_A và INTERVIEWER_A/B hiệu lực; ứng viên độc lập đúng trạng thái đầu vào. Input: F_SHORT_07; Title rỗng; INT_A; Date=2026-11-10 1. Mở Schedule Interview của F_SHORT_07. 2. Để Title rỗng; điền các trường còn lại; Save. Kết thúc: khôi phục / dọn dẹp fixture theo Test Data; không dùng bản ghi của người khác. | D15: Interview Title hiển thị Required; chưa có lịch mới. | E15: Không phụ thuộc test khác; fixture đúng trạng thái được tạo trong setup. Riêng flow, không dùng candidate đã Rejected cho nhánh Shortlisted. | F15: Failed | G15: 46325 | H15: TD_RECRUIT_FLOW_02 Negative; Phân vùng tương đương Automation: P1
A16: RECRUIT_FLOW_ScheduleInterview_03 | B16: Bỏ trống Interviewer | C16: Tiền điều kiện: Đã đăng nhập Admin/Recruitment; VAC_A và INTERVIEWER_A/B hiệu lực; ứng viên độc lập đúng trạng thái đầu vào. Input: F_SHORT_08; Title='Interview RUN08'; Interviewer rỗng; Date=2026-11-10 1. Mở Schedule Interview; điền Title và Date. 2. Không chọn Interviewer; Save. Kết thúc: khôi phục / dọn dẹp fixture theo Test Data; không dùng bản ghi của người khác. | D16: Interviewer hiển thị Required; không tạo lịch. | E16: Không phụ thuộc test khác; fixture đúng trạng thái được tạo trong setup. Riêng flow, không dùng candidate đã Rejected cho nhánh Shortlisted. | F16: Failed | G16: 46325 | H16: TD_RECRUIT_FLOW_02 Negative; Phân vùng tương đương Automation: P1
A17: RECRUIT_FLOW_ScheduleInterview_04 | B17: Bỏ trống ngày phỏng vấn | C17: Tiền điều kiện: Đã đăng nhập Admin/Recruitment; VAC_A và INTERVIEWER_A/B hiệu lực; ứng viên độc lập đúng trạng thái đầu vào. Input: F_SHORT_09; Title='Interview RUN09'; INT_A; Date rỗng 1. Mở Schedule Interview; điền Title và Interviewer. 2. Xóa Date, Save. Kết thúc: khôi phục / dọn dẹp fixture theo Test Data; không dùng bản ghi của người khác. | D17: Date hiển thị Required; không lưu lịch. | E17: Không phụ thuộc test khác; fixture đúng trạng thái được tạo trong setup. Riêng flow, không dùng candidate đã Rejected cho nhánh Shortlisted. | F17: Failed | G17: 46325 | H17: TD_RECRUIT_FLOW_02 Negative; Phân vùng tương đương Automation: P1
A18: RECRUIT_FLOW_ScheduleInterview_05 | B18: Ngày phỏng vấn không tồn tại | C18: Tiền điều kiện: Đã đăng nhập Admin/Recruitment; VAC_A và INTERVIEWER_A/B hiệu lực; ứng viên độc lập đúng trạng thái đầu vào. Input: F_SHORT_10; Date=31/02/2027; Title hợp lệ; INT_A 1. Mở Schedule Interview. 2. Nhập ngày 31/02/2027 theo định dạng UI (nếu datepicker chặn, ghi nhận). 3. Save. Kết thúc: khôi phục / dọn dẹp fixture theo Test Data; không dùng bản ghi của người khác. | D18: Ngày không hợp lệ bị chặn hoặc báo lỗi; không tạo lịch với ngày này. | E18: Không phụ thuộc test khác; fixture đúng trạng thái được tạo trong setup. Riêng flow, không dùng candidate đã Rejected cho nhánh Shortlisted. | F18: Failed | G18: 46325 | H18: TD_RECRUIT_FLOW_02 Negative; Phân vùng tương đương / Giá trị biên Automation: P1
A19: RECRUIT_FLOW_ScheduleInterview_06 | B19: Thời gian sai định dạng | C19: Tiền điều kiện: Đã đăng nhập Admin/Recruitment; VAC_A và INTERVIEWER_A/B hiệu lực; ứng viên độc lập đúng trạng thái đầu vào. Input: F_SHORT_11; Time=25:99; Title hợp lệ; INT_A; Date hợp lệ 1. Mở Schedule Interview. 2. Nhập/paste giờ 25:99 vào Time; Save. Kết thúc: khôi phục / dọn dẹp fixture theo Test Data; không dùng bản ghi của người khác. | D19: Không nhận thời gian ngoài miền hợp lệ; chặn nhập hoặc báo lỗi. | E19: Không phụ thuộc test khác; fixture đúng trạng thái được tạo trong setup. Riêng flow, không dùng candidate đã Rejected cho nhánh Shortlisted. | F19: Failed | G19: 46325 | H19: TD_RECRUIT_FLOW_02 Negative; Phân vùng tương đương / Giá trị biên Automation: P1 Cần kiểm tra UI: Kiểm tra giao diện Time có cho nhập tự do hay chỉ chọn giờ.
A20: RECRUIT_FLOW_ScheduleInterview_07 | B20: Lưu ghi chú phỏng vấn | C20: Tiền điều kiện: Đã đăng nhập Admin/Recruitment; VAC_A và INTERVIEWER_A/B hiệu lực; ứng viên độc lập đúng trạng thái đầu vào. Input: F_SHORT_12; Title='Interview RUN12'; INT_A; Date=2026-11-12; Time=14:00; Notes='Đánh giá kỹ năng QA' 1. Mở Schedule Interview, nhập dữ liệu đầy đủ. 2. Nhập Notes có dấu; Save. 3. Mở chi tiết/history của lịch. Kết thúc: khôi phục / dọn dẹp fixture theo Test Data; không dùng bản ghi của người khác. | D20: Ghi chú hiển thị chính xác, không lỗi dấu; lịch được tạo đúng candidate. | E20: Không phụ thuộc test khác; fixture đúng trạng thái được tạo trong setup. Riêng flow, không dùng candidate đã Rejected cho nhánh Shortlisted. | F20: Failed | G20: 46325 | H20: TD_RECRUIT_FLOW_02 Positive; Phân vùng tương đương Automation: P1
... A33: RECRUIT_FLOW_History_04 | B33: History sau Schedule Interview | C33: Tiền điều kiện: Đã đăng nhập Admin/Recruitment; VAC_A và INTERVIEWER_A/B hiệu lực; ứng viên độc lập đúng trạng thái đầu vào. Input: F_SCHED_25 đã được đặt lịch Title='Interview RUN25' 1. Mở F_SCHED_25 và Candidate History. 2. Mở event phỏng vấn; đối chiếu Title/INT_A/Date. Kết thúc: khôi phục / dọn dẹp fixture theo Test Data; không dùng bản ghi của người khác. | D33: Có event Interview Scheduled; chi tiết trùng dữ liệu lịch đã lưu và đúng candidate. | E33: Không phụ thuộc test khác; fixture đúng trạng thái được tạo trong setup. Riêng flow, không dùng candidate đã Rejected cho nhánh Shortlisted. | F33: Failed | G33: 46325 | H33: TD_RECRUIT_FLOW_05 Positive; Phân vùng tương đương Automation: P1

Sheet Test Data
A2: RECRUITMENT TEST DATA
A4: Data ID | B4: Giá trị / fixture | C4: Cách chuẩn bị | D4: Sử dụng | E4: Dọn dẹp / khôi phục | F4: Quy tắc
A5: RUN_ID | B5: G01_23130299_R01 | C5: G01_23130299_R01 chỉ là mẫu. Trước execution chọn RUN_ID duy nhất; resolve từng tên/email fixture chứa RUN, RUN_ID hoặc [RUN_ID] vào ledger theo TC, không replace toàn cục hoặc đổi input negative. | D5: Toàn bộ 75 TC | E5: Chỉ xóa fixture với RUN_ID của nhóm mình. | F5: Chưa xác minh. Chỉ dùng dữ liệu giả; chưa tạo fixture hoặc ghi timestamp execution.
A6: ACCOUNT | B6: Admin / quyền Recruitment | C6: Đăng nhập bằng tài khoản demo hợp lệ được cung cấp trên trang; không hardcode password trong repo. | D6: Setup tất cả TC | E6: Đăng xuất cuối suite. Không sửa mật khẩu hoặc role của người khác. | F6: Login không tính là chức năng test riêng.
A7: VAC_A | B7: VAC_[RUN_ID]_BASE | C7: Tạo vacancy Active có JOB_A, MANAGER_A, Positions=3; chụp ID và trạng thái. | D7: Candidates + Flow | E7: Chỉ xóa sau khi đã dọn candidate liên quan. | F7: Vacancy phải chọn được trên Add Candidate.
A8: VAC_EDIT | B8: VAC_[RUN_ID]_EDIT | C8: Tạo bản ghi Active; lưu snapshot Name/Description/Positions/Manager trước khi test. | D8: RECRUIT_VAC_Update_01, RECRUIT_VAC_Update_02, RECRUIT_VAC_Update_03, RECRUIT_VAC_CancelCreate_01, RECRUIT_VAC_CancelUpdate_01 | E8: Restore sau mỗi TC, riêng nhánh thử Active cần reset. | F8: Không dùng bản ghi của người khác.
A9: VAC_FILTER_A | B9: VAC_[RUN_ID]_FILTER_A | C9: Tạo Job Title=JOB_A, Manager=MANAGER_A. | D9: RECRUIT_VAC_Search_01, RECRUIT_VAC_Search_02, RECRUIT_VAC_Search_03, RECRUIT_VAC_Filter_01, RECRUIT_VAC_Filter_02, RECRUIT_VAC_Reset_01 | E9: Xóa sau khi ghi evidence. | F9: Positive control.
A10: VAC_FILTER_B | B10: VAC_[RUN_ID]_FILTER_B | C10: Tạo Job Title khác hoặc Manager khác, Name khác A. | D10: RECRUIT_VAC_Search_03, RECRUIT_VAC_Filter_01 | E10: Xóa sau khi ghi evidence. | F10: Negative control.
A11: CAND_EDIT | B11: cand_edit_[RUN_ID]@example.com | C11: Tạo ứng viên có Vacancy=VAC_A; lưu snapshot name, contact, keyword và note. | D11: RECRUIT_CAND_Update_01, RECRUIT_CAND_CancelUpdate_01, RECRUIT_CAND_VerifyDetails_01 | E11: Khôi phục tất cả field sau từng TC. | F11: Email giả trên example.com.
A12: CAND_FILTER_A / B | B12: cand_filter_a_[RUN_ID]@example.com; cand_filter_b_[RUN_ID]@example.com | C12: A gán VAC_A + run_keyword_a; B khác vacancy hoặc keyword; kiểm tra ngày tạo. | D12: RECRUIT_CAND_Filter_01, RECRUIT_CAND_Search_01, RECRUIT_CAND_Filter_02, RECRUIT_CAND_Filter_03, RECRUIT_CAND_Reset_01 | E12: Dọn dữ liệu của hai fixture sau run. | F12: Chọn ngày filter dựa trên ngày thực sự lưu.
A13: F_NEW_x | B13: Ứng viên Application Initiated | C13: Tạo candidate mới với email flow_new_x_[RUN_ID]@example.com cho từng nhánh. | D13: RECRUIT_FLOW_Status_01, RECRUIT_FLOW_Shortlist_01, RECRUIT_FLOW_Reject_01, RECRUIT_FLOW_CancelShortlist_01, RECRUIT_FLOW_ValidateAction_01, RECRUIT_FLOW_VerifyDetails_01, RECRUIT_FLOW_History_01; RECRUIT_FLOW_Reject_02 dùng F_SHORT_04. | E13: Không tái dùng F_NEW đã bị Shortlisted/Rejected. | F13: Mỗi test là candidate riêng.
A14: F_SHORT_x | B14: Ứng viên Shortlisted | C14: Tạo mới theo RUN_ID; thực hiện Shortlist trong setup và assert status trước case. | D14: RECRUIT_FLOW_Reject_02, RECRUIT_FLOW_ScheduleInterview_01, RECRUIT_FLOW_ScheduleInterview_02, RECRUIT_FLOW_ScheduleInterview_03, RECRUIT_FLOW_ScheduleInterview_04, RECRUIT_FLOW_ScheduleInterview_05, RECRUIT_FLOW_ScheduleInterview_06, RECRUIT_FLOW_ScheduleInterview_07, RECRUIT_FLOW_SelectInterviewer_01, RECRUIT_FLOW_SelectInterviewer_02, RECRUIT_FLOW_SelectInterviewer_03, RECRUIT_FLOW_ValidateAction_02, RECRUIT_FLOW_Status_02, RECRUIT_FLOW_CancelReject_01, RECRUIT_FLOW_History_02 | E14: Không dùng sau Reject hay Schedule nếu case cần Shortlisted. | F14: Không phụ thuộc TC khác.
A15: F_REJECT_x | B15: Ứng viên Rejected | C15: Tạo mới riêng; Reject trong setup, assert Rejected. | D15: RECRUIT_FLOW_ValidateAction_03, RECRUIT_FLOW_History_03 | E15: Không dùng để test Shortlist. | F15: Trạng thái terminal cần xác nhận.
... A21: EXEC_LOG | B21: Evidence: screenshot/log + defect ID | C21: Lưu timestamp, browser/version, testcase ID; chụp trước/sau cho Failed. | D21: Toàn bộ suite | E21: Dữ liệu evidence không chứa PII. | F21: Không đánh dấu Passed trước khi có kiểm chứng.
A23: Nguồn chính thức | B23: URL | C23: Nội dung đối chiếu
A24: Website Demo | B24: https://opensource-demo.orangehrmlive.com/ | C24: Môi trường kiểm thử trực tiếp
A25: RECRUIT_VAC — Vacancies | B25: https://help.orangehrm.com/hc/en-us/articles/18264958234649-How-to-Create-a-New-Vacancy-in-OrangeHRM | C25: Tạo vacancy, Job Title, Hiring Manager, mô tả, cấu hình/publish, bộ lọc danh sách
A26: RECRUIT_CAND — Candidates | B26: https://help.orangehrm.com/hc/en-us/articles/10457315002777-How-To-Add-Candidates-To-Created-Vacancies | C26: Tạo candidate, tên/email, liên kết vacancy, tải CV và lọc danh sách
A27: RECRUIT_CAND / FLOW — Profile & History | B27: https://help.orangehrm.com/hc/en-us/articles/10876907600153-How-to-View-and-Manage-a-Candidate-Profile | C27: Xem/sửa hồ sơ, resume, notes, thay đổi giai đoạn và Candidate History/Audit Logs
A28: RECRUIT_FLOW — Shortlist / Reject | B28: https://help.orangehrm.com/hc/en-us/articles/35482924971673-Usability-Improvements-in-Recruitment-Module | C28: Các hành động Shortlist/Reject và thay đổi giai đoạn candidate
A29: RECRUIT_FLOW — Schedule Interview | B29: https://www.orangehrm.com/assets/Files/Advanced-Recruitment-User-Guide.pdf | C29: Shortlist, Reject, Schedule Interview và history

Sheet Automation Plan
A2: AUTOMATION PLAN
A4: No. | B4: Giai đoạn | C4: Công việc | D4: Assertion / bằng chứng | E4: Phạm vi / điều kiện | F4: Trạng thái
A5: 1 | B5: Tiền kiểm và extension | C5: Khi bắt đầu automation: kiểm tra/cài Katalon Recorder browser extension; ghi phiên bản thực tế của extension và browser, URL và quyền Recruitment. | D5: Xác minh extension hoạt động, mở được Vacancies/Candidates; lưu môi trường khi execution thật. | E5: Chưa cài/chạy trong lần sửa workbook; không tự điền phiên bản hoặc ngày chạy. | F5: Đã thực hiện Katalon Studio
A6: 2 | B6: Fixture riêng | C6: Chuẩn bị RUN_ID và ledger theo Test Data; xác minh JOB_A, MANAGER_A/B, INT_A/B; sau đó chuẩn bị vacancy/candidate đúng trạng thái. | D6: Ghi key, tên/email, baseline và status thực tế; kiểm tra tên không trùng trước từng case. | E6: QA Engineer cần kiểm tra lại; không tự tạo hoặc sửa employee/danh mục dùng chung. | F6: Đã chuẩn bị RECRUIT_VAC
A7: 3 | B7: Suite và test case | C7: Tạo suite riêng cho RECRUIT_VAC, RECRUIT_CAND, RECRUIT_FLOW; tên test case giữ đúng TC_RECRUIT_* hiện tại. | D7: Đủ mapping TC–TD; chọn 3–5 smoke mỗi chức năng trước khi mở rộng. | E7: Chưa đổi 75 TC ID hoặc 15 TD ID; đề xuất đổi ID chờ nhóm trưởng xác nhận. | F7: Đã tổ chức suite RECRUIT_VAC
A8: 4 | B8: Record và chỉnh bước | C8: Record thao tác trên OrangeHRM Demo ở giai đoạn automation; chỉnh Command, Target, Value; dùng input từ ledger đã xác minh. | D8: Mỗi thao tác có target đúng field/form/candidate; đối chiếu input, checkpoint và expected. | E8: Không record/tạo dữ liệu trong lần sửa workbook; không coi chuỗi click/type hoàn tất là Passed. | F8: Đã thực hiện RECRUIT_VAC
A9: 5 | B9: Locator, dropdown, AJAX | C9: Khảo sát DOM thực tế; kiểm tra CSS/XPath duy nhất. Job Title theo loại dropdown; manager/interviewer phải chọn suggestion đúng người. | D9: Đợi suggestion và tập kết quả mới sau Search/Reset; kiểm tra positive/negative controls và pagination nếu cần. | E9: Không dự đoán selector; không chọn option theo index hoặc chỉ gõ tên mà không chọn autocomplete. | F9: Đã thực hiện RECRUIT_VAC
A10: 6 | B10: Vacancies smoke | C10: Ưu tiên RECRUIT_VAC_Create_01, RECRUIT_VAC_Create_03, RECRUIT_VAC_Create_04, RECRUIT_VAC_Create_05, RECRUIT_VAC_Reset_01; record Required đơn giản trước, sau đó create/persist và Reset. | D10: Lỗi Required đúng field; không phát sinh record sai; dữ liệu mở lại và filter mặc định đúng expected. | E10: Fixture JOB_A/MANAGER_A, VAC_FILTER_A/B phải sẵn; biên 0/-1 chờ xác minh rule. | F10: Đã thực hiện RECRUIT_VAC
A11: 7 | B11: Candidates smoke | C11: Ưu tiên RECRUIT_CAND_Create_01, RECRUIT_CAND_Create_03, RECRUIT_CAND_Create_04, RECRUIT_CAND_Create_05, RECRUIT_CAND_Create_09; chạy sau khi VAC_A được chuẩn bị và xác minh. | D11: Tên/email/vacancy sau mở lại đúng; validation đúng field; không tạo hồ sơ invalid. | E11: Xác minh cách tìm đúng candidate; nhóm upload CV thực hiện sau preflight file/browser. | F11: Chưa thực hiện RECRUIT_CAND
A12: 8 | B12: Workflow smoke | C12: Ưu tiên RECRUIT_FLOW_Status_01, RECRUIT_FLOW_Shortlist_01, RECRUIT_FLOW_Reject_01, RECRUIT_FLOW_ScheduleInterview_01, RECRUIT_FLOW_ScheduleInterview_02; mỗi nhánh có F_NEW/F_SHORT riêng đúng trạng thái. | D12: Assert status, interview title/interviewer/date/time/notes và Candidate History đúng candidate. | E12: Không lấy output TC trước làm setup ngầm; INT_A và định dạng ngày/giờ phải được xác minh. | F12: Chưa thực hiện RECRUIT_FLOW
A13: 9 | B13: Giới hạn cần xác minh | C13: Review RECRUIT_VAC_Create_06, RECRUIT_VAC_Create_09, RECRUIT_VAC_Create_10, RECRUIT_VAC_Filter_02; RECRUIT_CAND_Create_06, RECRUIT_CAND_Create_07, RECRUIT_CAND_Create_11, RECRUIT_CAND_UploadCV_01, RECRUIT_CAND_UploadCV_02, RECRUIT_CAND_UploadCV_03, RECRUIT_CAND_UploadCV_04, RECRUIT_CAND_UploadCV_05; RECRUIT_FLOW_ScheduleInterview_06, RECRUIT_FLOW_SelectInterviewer_02, RECRUIT_FLOW_SelectInterviewer_03, RECRUIT_FLOW_ValidateAction_03, RECRUIT_FLOW_VerifyDetails_01 và các nhãn History còn điều kiện. | D13: Chốt rule, control tìm kiếm, CV format/limit theo byte, capability upload/download và trạng thái theo UI. | E13: Không đổi Expected chỉ để Passed; chưa thực thi giữ Untested; thiếu fixture/capability khi chạy ghi Blocked kèm lý do. | F13: Đã rà soát RECRUIT_VAC
A14: 10 | B14: Wait và assertion | C14: Bổ sung wait/assertion đúng Command được phiên bản Recorder hỗ trợ; ví dụ waitForElementPresent, assertText, assertValue sau kiểm tra dropdown Command. | D14: Required tại đúng field; Save rồi mở lại; đợi dữ liệu cuối sau AJAX, không chỉ container tồn tại. | E14: Giới hạn timeout hữu hạn; không dùng pause dài thay đồng bộ; không đưa command của công cụ khác vào Recorder. | F14: Đã thực hiện RECRUIT_VAC
A15: 11 | B15: Replay và evidence | C15: Chạy lại từng case rồi Play Suite; lưu log nguyên bản, ảnh checkpoint/lỗi, actual và status thật tại evidence/executions/23130299/<RunID>/<CaseID>/. | D15: Đối chiếu assertion trước khi điền Result, Test date, Note/evidence; giữ riêng run lỗi và rerun. | E15: Hiện chưa có execution; không điền ngày/kết quả giả. Chạy lại suite khi thay đổi hoặc sau tích hợp. | F15: Đã chạy RECRUIT_VAC
A16: 12 | B16: Cleanup và khôi phục | C16: Ghi evidence trước cleanup; restore baseline của fixture edit; dọn candidate trước vacancy, chỉ xử lý key/record thuộc RUN_ID của mình. | D16: Kiểm tra từng record đã dọn hoặc còn cần dọn; lưu kết quả cleanup thực tế, không khẳng định chung đã xong. | E16: Case dừng vì assertion có thể bỏ qua bước cleanup cuối; cần checklist riêng. Không xóa employee/danh mục mượn dùng. | F16: Xác nhận cleanup dữ liệu
A17: 13 | B17: Lưu suite và Git | C17: Lưu tại automation/23130299/KatalonRecorder/ theo chức năng; native HTML nếu phiên bản hỗ trợ, import lại để kiểm tra; kèm README setup/run/reset. | D17: Kiểm tra status trên NVThang; khi sẵn sàng mới commit/push nhánh cá nhân, PR vào dev, lưu ảnh push/merge thật. | E17: Chưa tạo suite/thư mục hoặc thao tác Git trong lần sửa này. Group01.txt đã có link; không cần tạo lại nhánh. | F17: Đã lưu suite, Git xác nhận

Sheet Test Report
B1: TEST REPORT
B3: Project Name | D3: =Cover!C4 -> OrangeHRM Recruitment
B4: Document Code | D4: =Cover!C6 -> Group01_23130299_NguyenVanThang
B5: Run ID / Date | D5: RECRUIT_VAC_20261023_01 | G5: 46318.496
B6: Browser / Version | D6: Katalon Studio / Chrome 155.0.8059.85
B9: No. | C9: Module Code | D9: Passed | E9: Failed | F9: Untested | G9: Blocked | H9: Skipped | I9: Total
B10: 1 | C10: RECRUIT_VAC | D10: =RECRUIT_VAC!A6 -> 23 | E10: =RECRUIT_VAC!B6 -> 2 | F10: =RECRUIT_VAC!C6 -> 0 | G10: =RECRUIT_VAC!D6 -> 0 | H10: =RECRUIT_VAC!E6 -> 0 | I10: =RECRUIT_VAC!F6 -> 25
B11: 2 | C11: RECRUIT_CAND | D11: =RECRUIT_CAND!A6 -> 0 | E11: =RECRUIT_CAND!B6 -> 1 | F11: =RECRUIT_CAND!C6 -> 0 | G11: =RECRUIT_CAND!D6 -> 0 | H11: =RECRUIT_CAND!E6 -> 24 | I11: =RECRUIT_CAND!F6 -> 25
B12: 3 | C12: RECRUIT_FLOW | D12: =RECRUIT_FLOW!A6 -> 1 | E12: =RECRUIT_FLOW!B6 -> 23 | F12: =RECRUIT_FLOW!C6 -> 0 | G12: =RECRUIT_FLOW!D6 -> 0 | H12: =RECRUIT_FLOW!E6 -> 1 | I12: =RECRUIT_FLOW!F6 -> 25
B14: Total | D14: =SUM(D10:D12) -> 24 | E14: =SUM(E10:E12) -> 26 | F14: =SUM(F10:F12) -> 0 | G14: =SUM(G10:G12) -> 0 | H14: =SUM(H10:H12) -> 25 | I14: =SUM(I10:I12) -> 75
B17: Execution coverage | E17: =IF(I14=0,"",(D14+E14)/I14) -> 0.66666667
B18: Pass rate (executed only) | E18: =IF(D14+E14=0,"Chưa thực thi",D14/(D14+E14)) -> 0.48
B20: Execution coverage = (Passed + Failed) / Total. Pass rate = Passed / (Passed + Failed). Blocked và Skipped không được tính là đã thực thi.
B22: Sau run, điền actual result, Defect ID (nếu có), ảnh/log và ngày thực chạy tại sheet test case. Các tổng hợp tự cập nhật từ cột Result.
